#
# There is insufficient memory for the Java Runtime Environment to continue.
# Native memory allocation (mmap) failed to map 682622976 bytes. Error detail: G1 virtual space
# Possible reasons:
#   The system is out of physical RAM or swap space
#   This process is running with CompressedOops enabled, and the Java Heap may be blocking the growth of the native heap
# Possible solutions:
#   Reduce memory load on the system
#   Increase physical memory or swap space
#   Check if swap backing store is full
#   Decrease Java heap size (-Xmx/-Xms)
#   Decrease number of Java threads
#   Decrease Java thread stack sizes (-Xss)
#   Set larger code cache with -XX:ReservedCodeCacheSize=
#   JVM is running with Unscaled Compressed Oops mode in which the Java heap is
#     placed in the first 4GB address space. The Java Heap base address is the
#     maximum limit for the native heap growth. Please use -XX:HeapBaseMinAddress
#     to set the Java Heap base and to place the Java Heap above 4GB virtual address.
# This output file may be truncated or incomplete.
#
#  Out of Memory Error (os_windows.cpp:3690), pid=21796, tid=8964
#
# JRE version: OpenJDK Runtime Environment Microsoft-13106358 (17.0.18+8) (build 17.0.18+8-LTS)
# Java VM: OpenJDK 64-Bit Server VM Microsoft-13106358 (17.0.18+8-LTS, mixed mode, sharing, tiered, compressed oops, compressed class ptrs, g1 gc, windows-amd64)
# No core dump will be written. Minidumps are not enabled by default on client versions of Windows
#

---------------  S U M M A R Y ------------

Command Line: --add-opens=java.base/java.util=ALL-UNNAMED --add-opens=java.base/java.lang=ALL-UNNAMED --add-opens=java.base/java.lang.invoke=ALL-UNNAMED --add-opens=java.prefs/java.util.prefs=ALL-UNNAMED --add-exports=jdk.compiler/com.sun.tools.javac.api=ALL-UNNAMED --add-exports=jdk.compiler/com.sun.tools.javac.util=ALL-UNNAMED --add-opens=java.base/java.nio.charset=ALL-UNNAMED --add-opens=java.base/java.net=ALL-UNNAMED --add-opens=java.base/java.util.concurrent.atomic=ALL-UNNAMED -Xmx2048m -Dfile.encoding=UTF-8 -Duser.country=BR -Duser.language=pt -Duser.variant -javaagent:C:\Users\rafel\.gradle\wrapper\dists\gradle-8.9-bin\90cnw93cvbtalezasaz0blq0a\gradle-8.9\lib\agents\gradle-instrumentation-agent-8.9.jar org.gradle.launcher.daemon.bootstrap.GradleDaemon 8.9

Host: 13th Gen Intel(R) Core(TM) i5-1335U, 12 cores, 7G,  Windows 11 , 64 bit Build 26100 (10.0.26100.8875)
Time: Thu Aug 27 22:05:18 2026 Hora oficial do Brasil elapsed time: 98.468976 seconds (0d 0h 1m 38s)

---------------  T H R E A D  ---------------

Current thread (0x00000243b57b9950):  VMThread "VM Thread" [stack: 0x0000006675d00000,0x0000006675e00000] [id=8964]

Stack: [0x0000006675d00000,0x0000006675e00000]
Native frames: (J=compiled Java code, j=interpreted, Vv=VM code, C=native code)
V  [jvm.dll+0x68c879]  (no source info available)
V  [jvm.dll+0x845979]  (no source info available)
V  [jvm.dll+0x8476e8]  (no source info available)
V  [jvm.dll+0x847d73]  (no source info available)
V  [jvm.dll+0x24cf6f]  (no source info available)
V  [jvm.dll+0x68bc79]  (no source info available)
V  [jvm.dll+0x68023a]  (no source info available)
V  [jvm.dll+0x3101a0]  (no source info available)
V  [jvm.dll+0x310042]  (no source info available)
V  [jvm.dll+0x317599]  (no source info available)
V  [jvm.dll+0x369999]  (no source info available)
V  [jvm.dll+0x369bcd]  (no source info available)
V  [jvm.dll+0x2e69aa]  (no source info available)
V  [jvm.dll+0x2e4da1]  (no source info available)
V  [jvm.dll+0x2e453c]  (no source info available)
V  [jvm.dll+0x328ecb]  (no source info available)
V  [jvm.dll+0x84c5fd]  (no source info available)
V  [jvm.dll+0x84d313]  (no source info available)
V  [jvm.dll+0x84d844]  (no source info available)
V  [jvm.dll+0x84dc28]  (no source info available)
V  [jvm.dll+0x84dd1e]  (no source info available)
V  [jvm.dll+0x7f5ebc]  (no source info available)
V  [jvm.dll+0x68de17]  (no source info available)
C  [ucrtbase.dll+0x2cd30]  (no source info available)
C  [KERNEL32.DLL+0x2e957]  (no source info available)
C  [ntdll.dll+0xaad6c]  (no source info available)

VM_Operation (0x000000667c0fa7c0): G1CollectForAllocation, mode: safepoint, requested by thread 0x00000243fcab14c0


---------------  P R O C E S S  ---------------

Threads class SMR info:
_java_thread_list=0x00000243fb6e31b0, length=95, elements={
0x000002439719c940, 0x00000243b57c01c0, 0x00000243b57c08a0, 0x00000243b57d4750,
0x00000243b57d4c30, 0x00000243b57d5110, 0x00000243b57dd650, 0x00000243b57de870,
0x00000243b5b1d1e0, 0x00000243b5b1f710, 0x00000243b5c16d90, 0x00000243b5d5f870,
0x00000243fc502ea0, 0x00000243fc86d280, 0x00000243b5bb5420, 0x00000243fbcf0040,
0x00000243fbd88ba0, 0x00000243fbd86320, 0x00000243fbd895c0, 0x00000243fbd87250,
0x00000243fbd87c70, 0x00000243fbd88180, 0x00000243fe1ab050, 0x00000243fe1aba70,
0x00000243fe1ab560, 0x00000243fe1abf80, 0x00000243fe1b0150, 0x00000243fe1aed10,
0x00000243fe1b0b70, 0x00000243fe1afc40, 0x00000243fe1ad3c0, 0x00000243fe1b1080,
0x00000243fe1b1590, 0x00000243fe1b1fb0, 0x00000243fe1b24c0, 0x00000243fe1adde0,
0x00000243fe1ae2f0, 0x00000243fbd88690, 0x00000243fbd86830, 0x00000243fbd89ad0,
0x00000243fbd86d40, 0x00000243fbd87760, 0x00000243804f1420, 0x00000243804f04f0,
0x00000243804f3280, 0x00000243804f2860, 0x00000243804f2350, 0x00000243804f0a00,
0x00000243804f1930, 0x00000243804f0f10, 0x00000243804f1e40, 0x00000243804f2d70,
0x00000243804f3790, 0x00000243804effe0, 0x00000243804f4bd0, 0x00000243804f6f40,
0x00000243804f3ca0, 0x00000243804f50e0, 0x00000243804f7960, 0x00000243804f6010,
0x00000243804f46c0, 0x00000243804f55f0, 0x00000243804f6520, 0x00000243804f6a30,
0x00000243804f41b0, 0x00000243fcaac3c0, 0x00000243fcaaa560, 0x00000243fcaac8d0,
0x00000243fcaae220, 0x00000243fcaadd10, 0x00000243fcaaaf80, 0x00000243fcaab490,
0x00000243fcaaaa70, 0x00000243fcaaec40, 0x00000243fcaabeb0, 0x00000243fcaacde0,
0x00000243fcaae730, 0x00000243fcaad2f0, 0x00000243fcaaf150, 0x00000243fcaab9a0,
0x00000243fcab0590, 0x00000243fcaaf660, 0x00000243fcaafb70, 0x00000243fcab0aa0,
0x00000243fcaad800, 0x00000243fcab14c0, 0x00000243fcab1ee0, 0x00000243fcab19d0,
0x00000243fe1ad8d0, 0x00000243fe81a620, 0x00000243fe818cd0, 0x00000243fe81bf70,
0x00000243fe8187c0, 0x00000243fe81ba60, 0x00000243fe81c480
}

Java Threads: ( => current thread )
  0x000002439719c940 JavaThread "main" [_thread_blocked, id=21232, stack(0x0000006675700000,0x0000006675800000)]
  0x00000243b57c01c0 JavaThread "Reference Handler" daemon [_thread_blocked, id=29484, stack(0x0000006675e00000,0x0000006675f00000)]
  0x00000243b57c08a0 JavaThread "Finalizer" daemon [_thread_blocked, id=28400, stack(0x0000006675f00000,0x0000006676000000)]
  0x00000243b57d4750 JavaThread "Signal Dispatcher" daemon [_thread_blocked, id=20168, stack(0x0000006676000000,0x0000006676100000)]
  0x00000243b57d4c30 JavaThread "Attach Listener" daemon [_thread_blocked, id=26508, stack(0x0000006676100000,0x0000006676200000)]
  0x00000243b57d5110 JavaThread "Service Thread" daemon [_thread_blocked, id=20612, stack(0x0000006676200000,0x0000006676300000)]
  0x00000243b57dd650 JavaThread "Monitor Deflation Thread" daemon [_thread_blocked, id=9016, stack(0x0000006676300000,0x0000006676400000)]
  0x00000243b57de870 JavaThread "C2 CompilerThread0" daemon [_thread_blocked, id=31732, stack(0x0000006676400000,0x0000006676500000)]
  0x00000243b5b1d1e0 JavaThread "C1 CompilerThread0" daemon [_thread_blocked, id=17760, stack(0x0000006676500000,0x0000006676600000)]
  0x00000243b5b1f710 JavaThread "Sweeper thread" daemon [_thread_blocked, id=36320, stack(0x0000006676600000,0x0000006676700000)]
  0x00000243b5c16d90 JavaThread "Common-Cleaner" daemon [_thread_blocked, id=15852, stack(0x0000006676700000,0x0000006676800000)]
  0x00000243b5d5f870 JavaThread "Notification Thread" daemon [_thread_blocked, id=10592, stack(0x0000006676800000,0x0000006676900000)]
  0x00000243fc502ea0 JavaThread "Daemon health stats" [_thread_blocked, id=27856, stack(0x0000006676a00000,0x0000006676b00000)]
  0x00000243fc86d280 JavaThread "Incoming local TCP Connector on port 50064" [_thread_in_native, id=22952, stack(0x0000006676f00000,0x0000006677000000)]
  0x00000243b5bb5420 JavaThread "Daemon periodic checks" [_thread_blocked, id=23476, stack(0x0000006677000000,0x0000006677100000)]
  0x00000243fbcf0040 JavaThread "Daemon" [_thread_blocked, id=17000, stack(0x0000006677100000,0x0000006677200000)]
  0x00000243fbd88ba0 JavaThread "Daemon worker" [_thread_blocked, id=7932, stack(0x0000006677400000,0x0000006677500000)]
  0x00000243fbd86320 JavaThread "Cache worker for journal cache (C:\Users\rafel\.gradle\caches\journal-1)" [_thread_blocked, id=29880, stack(0x0000006677d00000,0x0000006677e00000)]
  0x00000243fbd895c0 JavaThread "File lock request listener" [_thread_in_native, id=11956, stack(0x0000006677e00000,0x0000006677f00000)]
  0x00000243fbd87250 JavaThread "Cache worker for file hash cache (C:\Users\rafel\.gradle\caches\8.9\fileHashes)" [_thread_blocked, id=25868, stack(0x0000006677f00000,0x0000006678000000)]
  0x00000243fbd87c70 JavaThread "File watcher server" daemon [_thread_in_native, id=22576, stack(0x0000006678400000,0x0000006678500000)]
  0x00000243fbd88180 JavaThread "File watcher consumer" daemon [_thread_blocked, id=10420, stack(0x0000006678500000,0x0000006678600000)]
  0x00000243fe1ab050 JavaThread "jar transforms" [_thread_blocked, id=6028, stack(0x0000006678600000,0x0000006678700000)]
  0x00000243fe1aba70 JavaThread "jar transforms Thread 2" [_thread_blocked, id=10880, stack(0x0000006678700000,0x0000006678800000)]
  0x00000243fe1ab560 JavaThread "jar transforms Thread 3" [_thread_blocked, id=32156, stack(0x0000006678800000,0x0000006678900000)]
  0x00000243fe1abf80 JavaThread "Cache worker for file content cache (C:\Users\rafel\.gradle\caches\8.9\fileContent)" [_thread_blocked, id=36776, stack(0x0000006678a00000,0x0000006678b00000)]
  0x00000243fe1b0150 JavaThread "jar transforms Thread 4" [_thread_blocked, id=26992, stack(0x0000006678d00000,0x0000006678e00000)]
  0x00000243fe1aed10 JavaThread "jar transforms Thread 5" [_thread_blocked, id=37748, stack(0x0000006678e00000,0x0000006678f00000)]
  0x00000243fe1b0b70 JavaThread "jar transforms Thread 6" [_thread_blocked, id=36764, stack(0x0000006678f00000,0x0000006679000000)]
  0x00000243fe1afc40 JavaThread "jar transforms Thread 7" [_thread_blocked, id=12024, stack(0x0000006679000000,0x0000006679100000)]
  0x00000243fe1ad3c0 JavaThread "jar transforms Thread 8" [_thread_blocked, id=37000, stack(0x0000006679300000,0x0000006679400000)]
  0x00000243fe1b1080 JavaThread "jar transforms Thread 9" [_thread_blocked, id=35956, stack(0x0000006679400000,0x0000006679500000)]
  0x00000243fe1b1590 JavaThread "jar transforms Thread 10" [_thread_blocked, id=3808, stack(0x0000006679500000,0x0000006679600000)]
  0x00000243fe1b1fb0 JavaThread "jar transforms Thread 11" [_thread_blocked, id=8844, stack(0x0000006679600000,0x0000006679700000)]
  0x00000243fe1b24c0 JavaThread "jar transforms Thread 12" [_thread_blocked, id=31692, stack(0x0000006679700000,0x0000006679800000)]
  0x00000243fe1adde0 JavaThread "Handler for socket connection from /127.0.0.1:50064 to /127.0.0.1:50076" [_thread_in_native, id=33060, stack(0x0000006677200000,0x0000006677300000)]
  0x00000243fe1ae2f0 JavaThread "Cancel handler" [_thread_blocked, id=36244, stack(0x0000006677300000,0x0000006677400000)]
  0x00000243fbd88690 JavaThread "Asynchronous log dispatcher for DefaultDaemonConnection: socket connection from /127.0.0.1:50064 to /127.0.0.1:50076" [_thread_blocked, id=34412, stack(0x0000006677600000,0x0000006677700000)]
  0x00000243fbd86830 JavaThread "Stdin handler" [_thread_blocked, id=35148, stack(0x0000006677700000,0x0000006677800000)]
  0x00000243fbd89ad0 JavaThread "Daemon client event forwarder" [_thread_blocked, id=27484, stack(0x0000006678000000,0x0000006678100000)]
  0x00000243fbd86d40 JavaThread "Cache worker for file hash cache (C:\Users\Public\Documents\Novo app\.gradle\8.9\fileHashes)" [_thread_blocked, id=5096, stack(0x0000006678100000,0x0000006678200000)]
  0x00000243fbd87760 JavaThread "Cache worker for Build Output Cleanup Cache (C:\Users\Public\Documents\Novo app\.gradle\buildOutputCleanup)" [_thread_blocked, id=27812, stack(0x0000006678900000,0x0000006678a00000)]
  0x00000243804f1420 JavaThread "Cache worker for checksums cache (C:\Users\Public\Documents\Novo app\.gradle\8.9\checksums)" [_thread_blocked, id=24208, stack(0x0000006678b00000,0x0000006678c00000)]
  0x00000243804f04f0 JavaThread "Cache worker for cache directory md-rule (C:\Users\rafel\.gradle\caches\8.9\md-rule)" [_thread_blocked, id=28964, stack(0x0000006678c00000,0x0000006678d00000)]
  0x00000243804f3280 JavaThread "Cache worker for cache directory md-supplier (C:\Users\rafel\.gradle\caches\8.9\md-supplier)" [_thread_blocked, id=37660, stack(0x0000006679800000,0x0000006679900000)]
  0x00000243804f2860 JavaThread "Unconstrained build operations" [_thread_blocked, id=12948, stack(0x0000006679b00000,0x0000006679c00000)]
  0x00000243804f2350 JavaThread "Unconstrained build operations Thread 2" [_thread_blocked, id=37676, stack(0x0000006679c00000,0x0000006679d00000)]
  0x00000243804f0a00 JavaThread "Unconstrained build operations Thread 3" [_thread_blocked, id=7636, stack(0x0000006679d00000,0x0000006679e00000)]
  0x00000243804f1930 JavaThread "Unconstrained build operations Thread 4" [_thread_blocked, id=37724, stack(0x0000006679e00000,0x0000006679f00000)]
  0x00000243804f0f10 JavaThread "Unconstrained build operations Thread 5" [_thread_blocked, id=26528, stack(0x0000006679f00000,0x000000667a000000)]
  0x00000243804f1e40 JavaThread "Unconstrained build operations Thread 6" [_thread_blocked, id=27180, stack(0x000000667a000000,0x000000667a100000)]
  0x00000243804f2d70 JavaThread "Unconstrained build operations Thread 7" [_thread_blocked, id=37780, stack(0x000000667a100000,0x000000667a200000)]
  0x00000243804f3790 JavaThread "Unconstrained build operations Thread 8" [_thread_blocked, id=22700, stack(0x000000667a200000,0x000000667a300000)]
  0x00000243804effe0 JavaThread "Unconstrained build operations Thread 9" [_thread_blocked, id=31880, stack(0x000000667a300000,0x000000667a400000)]
  0x00000243804f4bd0 JavaThread "Unconstrained build operations Thread 10" [_thread_blocked, id=26480, stack(0x000000667a400000,0x000000667a500000)]
  0x00000243804f6f40 JavaThread "Unconstrained build operations Thread 11" [_thread_blocked, id=27716, stack(0x000000667a500000,0x000000667a600000)]
  0x00000243804f3ca0 JavaThread "Unconstrained build operations Thread 12" [_thread_blocked, id=7484, stack(0x0000006679a00000,0x0000006679b00000)]
  0x00000243804f50e0 JavaThread "Unconstrained build operations Thread 13" [_thread_blocked, id=2144, stack(0x000000667a600000,0x000000667a700000)]
  0x00000243804f7960 JavaThread "Unconstrained build operations Thread 14" [_thread_blocked, id=6100, stack(0x000000667a700000,0x000000667a800000)]
  0x00000243804f6010 JavaThread "Unconstrained build operations Thread 15" [_thread_blocked, id=5488, stack(0x000000667a800000,0x000000667a900000)]
  0x00000243804f46c0 JavaThread "Unconstrained build operations Thread 16" [_thread_blocked, id=26796, stack(0x000000667a900000,0x000000667aa00000)]
  0x00000243804f55f0 JavaThread "Unconstrained build operations Thread 17" [_thread_blocked, id=29048, stack(0x000000667aa00000,0x000000667ab00000)]
  0x00000243804f6520 JavaThread "Unconstrained build operations Thread 18" [_thread_blocked, id=13048, stack(0x000000667ad00000,0x000000667ae00000)]
  0x00000243804f6a30 JavaThread "Unconstrained build operations Thread 19" [_thread_blocked, id=20760, stack(0x000000667ae00000,0x000000667af00000)]
  0x00000243804f41b0 JavaThread "Unconstrained build operations Thread 20" [_thread_blocked, id=36336, stack(0x000000667af00000,0x000000667b000000)]
  0x00000243fcaac3c0 JavaThread "Unconstrained build operations Thread 21" [_thread_blocked, id=9356, stack(0x000000667b000000,0x000000667b100000)]
  0x00000243fcaaa560 JavaThread "Unconstrained build operations Thread 22" [_thread_blocked, id=20972, stack(0x000000667b100000,0x000000667b200000)]
  0x00000243fcaac8d0 JavaThread "Unconstrained build operations Thread 23" [_thread_blocked, id=12068, stack(0x000000667b200000,0x000000667b300000)]
  0x00000243fcaae220 JavaThread "Unconstrained build operations Thread 24" [_thread_blocked, id=17532, stack(0x000000667b300000,0x000000667b400000)]
  0x00000243fcaadd10 JavaThread "Unconstrained build operations Thread 25" [_thread_blocked, id=21688, stack(0x000000667b400000,0x000000667b500000)]
  0x00000243fcaaaf80 JavaThread "Unconstrained build operations Thread 26" [_thread_blocked, id=27776, stack(0x000000667b500000,0x000000667b600000)]
  0x00000243fcaab490 JavaThread "Unconstrained build operations Thread 27" [_thread_blocked, id=37032, stack(0x000000667b600000,0x000000667b700000)]
  0x00000243fcaaaa70 JavaThread "Unconstrained build operations Thread 28" [_thread_blocked, id=35804, stack(0x000000667b700000,0x000000667b800000)]
  0x00000243fcaaec40 JavaThread "Unconstrained build operations Thread 29" [_thread_blocked, id=25372, stack(0x0000006675400000,0x0000006675500000)]
  0x00000243fcaabeb0 JavaThread "Unconstrained build operations Thread 30" [_thread_blocked, id=8980, stack(0x0000006675500000,0x0000006675600000)]
  0x00000243fcaacde0 JavaThread "Unconstrained build operations Thread 31" [_thread_blocked, id=24612, stack(0x0000006675600000,0x0000006675700000)]
  0x00000243fcaae730 JavaThread "Unconstrained build operations Thread 32" [_thread_blocked, id=22440, stack(0x0000006677500000,0x0000006677600000)]
  0x00000243fcaad2f0 JavaThread "Unconstrained build operations Thread 33" [_thread_blocked, id=36608, stack(0x000000667b800000,0x000000667b900000)]
  0x00000243fcaaf150 JavaThread "Unconstrained build operations Thread 34" [_thread_blocked, id=12780, stack(0x000000667b900000,0x000000667ba00000)]
  0x00000243fcaab9a0 JavaThread "Unconstrained build operations Thread 35" [_thread_blocked, id=10848, stack(0x000000667ba00000,0x000000667bb00000)]
  0x00000243fcab0590 JavaThread "Unconstrained build operations Thread 36" [_thread_blocked, id=35484, stack(0x000000667bb00000,0x000000667bc00000)]
  0x00000243fcaaf660 JavaThread "Unconstrained build operations Thread 37" [_thread_blocked, id=27636, stack(0x000000667bc00000,0x000000667bd00000)]
  0x00000243fcaafb70 JavaThread "Unconstrained build operations Thread 38" [_thread_blocked, id=36008, stack(0x000000667bd00000,0x000000667be00000)]
  0x00000243fcab0aa0 JavaThread "Unconstrained build operations Thread 39" [_thread_blocked, id=30296, stack(0x000000667be00000,0x000000667bf00000)]
  0x00000243fcaad800 JavaThread "Unconstrained build operations Thread 40" [_thread_blocked, id=32668, stack(0x000000667bf00000,0x000000667c000000)]
  0x00000243fcab14c0 JavaThread "Unconstrained build operations Thread 41" [_thread_blocked, id=33004, stack(0x000000667c000000,0x000000667c100000)]
  0x00000243fcab1ee0 JavaThread "Unconstrained build operations Thread 42" [_thread_blocked, id=26428, stack(0x000000667c100000,0x000000667c200000)]
  0x00000243fcab19d0 JavaThread "Unconstrained build operations Thread 43" [_thread_blocked, id=6696, stack(0x000000667c200000,0x000000667c300000)]
  0x00000243fe1ad8d0 JavaThread "Unconstrained build operations Thread 44" [_thread_blocked, id=35836, stack(0x000000667c300000,0x000000667c400000)]
  0x00000243fe81a620 JavaThread "Unconstrained build operations Thread 45" [_thread_blocked, id=23500, stack(0x000000667c400000,0x000000667c500000)]
  0x00000243fe818cd0 JavaThread "Unconstrained build operations Thread 46" [_thread_blocked, id=7356, stack(0x000000667c500000,0x000000667c600000)]
  0x00000243fe81bf70 JavaThread "Unconstrained build operations Thread 47" [_thread_blocked, id=24032, stack(0x000000667c600000,0x000000667c700000)]
  0x00000243fe8187c0 JavaThread "Unconstrained build operations Thread 48" [_thread_blocked, id=24508, stack(0x000000667c700000,0x000000667c800000)]
  0x00000243fe81ba60 JavaThread "Unconstrained build operations Thread 49" [_thread_blocked, id=9856, stack(0x000000667c800000,0x000000667c900000)]
  0x00000243fe81c480 JavaThread "Unconstrained build operations Thread 50" [_thread_blocked, id=22368, stack(0x000000667c900000,0x000000667ca00000)]

Other Threads:
=>0x00000243b57b9950 VMThread "VM Thread" [stack: 0x0000006675d00000,0x0000006675e00000] [id=8964]
  0x00000243b5cbdd60 WatcherThread [stack: 0x0000006676900000,0x0000006676a00000] [id=20592]
  0x00000243971fbd90 GCTaskThread "GC Thread#0" [stack: 0x0000006675800000,0x0000006675900000] [id=3600]
  0x00000243fb6f35b0 GCTaskThread "GC Thread#1" [stack: 0x0000006676b00000,0x0000006676c00000] [id=32064]
  0x00000243fb431ef0 GCTaskThread "GC Thread#2" [stack: 0x0000006676c00000,0x0000006676d00000] [id=30060]
  0x00000243fbad56d0 GCTaskThread "GC Thread#3" [stack: 0x0000006676d00000,0x0000006676e00000] [id=6172]
  0x00000243fbad6a80 GCTaskThread "GC Thread#4" [stack: 0x0000006676e00000,0x0000006676f00000] [id=6312]
  0x00000243fbad5c70 GCTaskThread "GC Thread#5" [stack: 0x0000006677800000,0x0000006677900000] [id=13068]
  0x00000243fbad7020 GCTaskThread "GC Thread#6" [stack: 0x0000006677900000,0x0000006677a00000] [id=31040]
  0x00000243fbad5f40 GCTaskThread "GC Thread#7" [stack: 0x0000006677a00000,0x0000006677b00000] [id=25680]
  0x00000243fb98c4e0 GCTaskThread "GC Thread#8" [stack: 0x0000006677b00000,0x0000006677c00000] [id=21172]
  0x00000243fb989d80 GCTaskThread "GC Thread#9" [stack: 0x0000006677c00000,0x0000006677d00000] [id=26244]
  0x000002439720cc00 ConcurrentGCThread "G1 Main Marker" [stack: 0x0000006675900000,0x0000006675a00000] [id=5428]
  0x000002439720e200 ConcurrentGCThread "G1 Conc#0" [stack: 0x0000006675a00000,0x0000006675b00000] [id=17316]
  0x00000243fb98c7b0 ConcurrentGCThread "G1 Conc#1" [stack: 0x0000006678200000,0x0000006678300000] [id=18316]
  0x00000243fb98b6d0 ConcurrentGCThread "G1 Conc#2" [stack: 0x0000006678300000,0x0000006678400000] [id=37052]
  0x000002439724dcb0 ConcurrentGCThread "G1 Refine#0" [stack: 0x0000006675b00000,0x0000006675c00000] [id=11812]
  0x00000243b5c1dd70 ConcurrentGCThread "G1 Refine#1" [stack: 0x0000006679100000,0x0000006679200000] [id=9508]
  0x00000243fe5d0f60 ConcurrentGCThread "G1 Refine#2" [stack: 0x0000006679200000,0x0000006679300000] [id=36984]
  0x000002439724e0b0 ConcurrentGCThread "G1 Service" [stack: 0x0000006675c00000,0x0000006675d00000] [id=10484]

Threads with active compile tasks:
C2 CompilerThread0  98669 12925       4       org.objectweb.asm.ClassReader::readCode (5117 bytes)

VM state: at safepoint (normal execution)

VM Mutex/Monitor currently owned by a thread:  ([mutex/lock_event])
[0x0000024394d4e570] Threads_lock - owner thread: 0x00000243b57b9950
[0x000002439719ad90] Heap_lock - owner thread: 0x00000243fcab14c0

Heap address: 0x0000000080000000, size: 2048 MB, Compressed Oops mode: 32-bit

CDS archive(s) mapped at: [0x00000243b6000000-0x00000243b6bb0000-0x00000243b6bb0000), size 12255232, SharedBaseAddress: 0x00000243b6000000, ArchiveRelocationMode: 1.
Compressed class space mapped at: 0x00000243b7000000-0x00000243f7000000, reserved size: 1073741824
Narrow klass base: 0x00000243b6000000, Narrow klass shift: 0, Narrow klass range: 0x100000000

GC Precious Log:
 CPUs: 12 total, 12 available
 Memory: 7882M
 Large Page Support: Disabled
 NUMA Support: Disabled
 Compressed Oops: Enabled (32-bit)
 Heap Region Size: 1M
 Heap Min Capacity: 8M
 Heap Initial Capacity: 124M
 Heap Max Capacity: 2G
 Pre-touch: Disabled
 Parallel Workers: 10
 Concurrent Workers: 3
 Concurrent Refinement Workers: 10
 Periodic GC: Disabled

Heap:
 garbage-first heap   total 419840K, used 117550K [0x0000000080000000, 0x0000000100000000)
  region size 1024K, 2 young (2048K), 2 survivors (2048K)
 Metaspace       used 66042K, committed 66624K, reserved 1114112K
  class space    used 8795K, committed 9088K, reserved 1048576K

Heap Regions: E=young(eden), S=young(survivor), O=old, HS=humongous(starts), HC=humongous(continues), CS=collection set, F=free, OA=open archive, CA=closed archive, TAMS=top-at-mark-start (previous, next)
|   0|0x0000000080000000, 0x0000000080100000, 0x0000000080100000|100%|HS|  |TAMS 0x0000000080100000, 0x0000000080000000| Complete 
|   1|0x0000000080100000, 0x0000000080200000, 0x0000000080200000|100%|HC|  |TAMS 0x0000000080200000, 0x0000000080100000| Complete 
|   2|0x0000000080200000, 0x0000000080300000, 0x0000000080300000|100%|HC|  |TAMS 0x0000000080300000, 0x0000000080200000| Complete 
|   3|0x0000000080300000, 0x0000000080400000, 0x0000000080400000|100%|HC|  |TAMS 0x0000000080400000, 0x0000000080300000| Complete 
|   4|0x0000000080400000, 0x0000000080500000, 0x0000000080500000|100%| O|  |TAMS 0x0000000080500000, 0x0000000080400000| Untracked 
|   5|0x0000000080500000, 0x0000000080600000, 0x0000000080600000|100%| O|  |TAMS 0x0000000080600000, 0x0000000080500000| Untracked 
|   6|0x0000000080600000, 0x0000000080700000, 0x0000000080700000|100%| O|  |TAMS 0x0000000080700000, 0x0000000080600000| Untracked 
|   7|0x0000000080700000, 0x0000000080800000, 0x0000000080800000|100%| O|  |TAMS 0x0000000080800000, 0x0000000080700000| Untracked 
|   8|0x0000000080800000, 0x0000000080900000, 0x0000000080900000|100%| O|  |TAMS 0x0000000080900000, 0x0000000080800000| Untracked 
|   9|0x0000000080900000, 0x0000000080a00000, 0x0000000080a00000|100%| O|  |TAMS 0x0000000080a00000, 0x0000000080900000| Untracked 
|  10|0x0000000080a00000, 0x0000000080b00000, 0x0000000080b00000|100%| O|  |TAMS 0x0000000080b00000, 0x0000000080a00000| Untracked 
|  11|0x0000000080b00000, 0x0000000080c00000, 0x0000000080c00000|100%|HS|  |TAMS 0x0000000080c00000, 0x0000000080b00000| Complete 
|  12|0x0000000080c00000, 0x0000000080d00000, 0x0000000080d00000|100%| O|  |TAMS 0x0000000080d00000, 0x0000000080c00000| Untracked 
|  13|0x0000000080d00000, 0x0000000080e00000, 0x0000000080e00000|100%| O|  |TAMS 0x0000000080e00000, 0x0000000080d00000| Untracked 
|  14|0x0000000080e00000, 0x0000000080f00000, 0x0000000080f00000|100%| O|  |TAMS 0x0000000080f00000, 0x0000000080e00000| Untracked 
|  15|0x0000000080f00000, 0x0000000081000000, 0x0000000081000000|100%| O|  |TAMS 0x0000000081000000, 0x0000000080f00000| Untracked 
|  16|0x0000000081000000, 0x0000000081100000, 0x0000000081100000|100%| O|  |TAMS 0x0000000081100000, 0x0000000081000000| Untracked 
|  17|0x0000000081100000, 0x0000000081200000, 0x0000000081200000|100%| O|  |TAMS 0x0000000081200000, 0x0000000081100000| Untracked 
|  18|0x0000000081200000, 0x0000000081300000, 0x0000000081300000|100%| O|  |TAMS 0x0000000081300000, 0x0000000081200000| Untracked 
|  19|0x0000000081300000, 0x0000000081400000, 0x0000000081400000|100%| O|  |TAMS 0x0000000081400000, 0x0000000081300000| Untracked 
|  20|0x0000000081400000, 0x0000000081500000, 0x0000000081500000|100%| O|  |TAMS 0x0000000081500000, 0x0000000081400000| Untracked 
|  21|0x0000000081500000, 0x0000000081600000, 0x0000000081600000|100%| O|  |TAMS 0x0000000081600000, 0x0000000081500000| Untracked 
|  22|0x0000000081600000, 0x0000000081700000, 0x0000000081700000|100%| O|  |TAMS 0x0000000081700000, 0x0000000081600000| Untracked 
|  23|0x0000000081700000, 0x0000000081800000, 0x0000000081800000|100%| O|  |TAMS 0x0000000081800000, 0x0000000081700000| Untracked 
|  24|0x0000000081800000, 0x0000000081900000, 0x0000000081900000|100%| O|  |TAMS 0x0000000081900000, 0x0000000081800000| Untracked 
|  25|0x0000000081900000, 0x0000000081a00000, 0x0000000081a00000|100%| O|  |TAMS 0x0000000081a00000, 0x0000000081900000| Untracked 
|  26|0x0000000081a00000, 0x0000000081b00000, 0x0000000081b00000|100%| O|  |TAMS 0x0000000081b00000, 0x0000000081a00000| Untracked 
|  27|0x0000000081b00000, 0x0000000081c00000, 0x0000000081c00000|100%| O|  |TAMS 0x0000000081c00000, 0x0000000081b00000| Untracked 
|  28|0x0000000081c00000, 0x0000000081d00000, 0x0000000081d00000|100%| O|  |TAMS 0x0000000081d00000, 0x0000000081c00000| Untracked 
|  29|0x0000000081d00000, 0x0000000081e00000, 0x0000000081e00000|100%| O|  |TAMS 0x0000000081e00000, 0x0000000081d00000| Untracked 
|  30|0x0000000081e00000, 0x0000000081f00000, 0x0000000081f00000|100%| O|  |TAMS 0x0000000081f00000, 0x0000000081e00000| Untracked 
|  31|0x0000000081f00000, 0x0000000082000000, 0x0000000082000000|100%| O|  |TAMS 0x0000000082000000, 0x0000000081f00000| Untracked 
|  32|0x0000000082000000, 0x0000000082100000, 0x0000000082100000|100%| O|  |TAMS 0x0000000082100000, 0x0000000082000000| Untracked 
|  33|0x0000000082100000, 0x0000000082200000, 0x0000000082200000|100%| O|  |TAMS 0x0000000082200000, 0x0000000082100000| Untracked 
|  34|0x0000000082200000, 0x0000000082300000, 0x0000000082300000|100%| O|  |TAMS 0x0000000082300000, 0x0000000082200000| Untracked 
|  35|0x0000000082300000, 0x0000000082400000, 0x0000000082400000|100%| O|  |TAMS 0x0000000082400000, 0x0000000082300000| Untracked 
|  36|0x0000000082400000, 0x0000000082500000, 0x0000000082500000|100%| O|  |TAMS 0x0000000082500000, 0x0000000082400000| Untracked 
|  37|0x0000000082500000, 0x0000000082600000, 0x0000000082600000|100%| O|  |TAMS 0x0000000082600000, 0x0000000082500000| Untracked 
|  38|0x0000000082600000, 0x0000000082700000, 0x0000000082700000|100%| O|  |TAMS 0x0000000082700000, 0x0000000082600000| Untracked 
|  39|0x0000000082700000, 0x0000000082800000, 0x0000000082800000|100%| O|  |TAMS 0x0000000082800000, 0x0000000082700000| Untracked 
|  40|0x0000000082800000, 0x0000000082900000, 0x0000000082900000|100%| O|  |TAMS 0x0000000082900000, 0x0000000082800000| Untracked 
|  41|0x0000000082900000, 0x0000000082a00000, 0x0000000082a00000|100%| O|  |TAMS 0x0000000082a00000, 0x0000000082900000| Untracked 
|  42|0x0000000082a00000, 0x0000000082b00000, 0x0000000082b00000|100%|HS|  |TAMS 0x0000000082a00000, 0x0000000082a00000| Complete 
|  43|0x0000000082b00000, 0x0000000082c00000, 0x0000000082c00000|100%| O|  |TAMS 0x0000000082c00000, 0x0000000082b00000| Untracked 
|  44|0x0000000082c00000, 0x0000000082d00000, 0x0000000082d00000|100%| O|  |TAMS 0x0000000082d00000, 0x0000000082c00000| Untracked 
|  45|0x0000000082d00000, 0x0000000082e00000, 0x0000000082e00000|100%| O|  |TAMS 0x0000000082e00000, 0x0000000082d00000| Untracked 
|  46|0x0000000082e00000, 0x0000000082f00000, 0x0000000082f00000|100%| O|  |TAMS 0x0000000082f00000, 0x0000000082e00000| Untracked 
|  47|0x0000000082f00000, 0x0000000083000000, 0x0000000083000000|100%| O|  |TAMS 0x0000000083000000, 0x0000000082f00000| Untracked 
|  48|0x0000000083000000, 0x0000000083100000, 0x0000000083100000|100%|HS|  |TAMS 0x0000000083100000, 0x0000000083000000| Complete 
|  49|0x0000000083100000, 0x0000000083200000, 0x0000000083200000|100%| O|  |TAMS 0x0000000083200000, 0x0000000083100000| Untracked 
|  50|0x0000000083200000, 0x0000000083300000, 0x0000000083300000|100%| O|  |TAMS 0x0000000083300000, 0x0000000083200000| Untracked 
|  51|0x0000000083300000, 0x0000000083400000, 0x0000000083400000|100%| O|  |TAMS 0x0000000083400000, 0x0000000083300000| Untracked 
|  52|0x0000000083400000, 0x0000000083500000, 0x0000000083500000|100%| O|  |TAMS 0x0000000083500000, 0x0000000083400000| Untracked 
|  53|0x0000000083500000, 0x0000000083600000, 0x0000000083600000|100%| O|  |TAMS 0x0000000083600000, 0x0000000083500000| Untracked 
|  54|0x0000000083600000, 0x0000000083700000, 0x0000000083700000|100%| O|  |TAMS 0x0000000083700000, 0x0000000083600000| Untracked 
|  55|0x0000000083700000, 0x0000000083800000, 0x0000000083800000|100%| O|  |TAMS 0x0000000083800000, 0x0000000083700000| Untracked 
|  56|0x0000000083800000, 0x0000000083900000, 0x0000000083900000|100%| O|  |TAMS 0x0000000083900000, 0x0000000083800000| Untracked 
|  57|0x0000000083900000, 0x0000000083a00000, 0x0000000083a00000|100%| O|  |TAMS 0x0000000083a00000, 0x0000000083900000| Untracked 
|  58|0x0000000083a00000, 0x0000000083b00000, 0x0000000083b00000|100%| O|  |TAMS 0x0000000083b00000, 0x0000000083a00000| Untracked 
|  59|0x0000000083b00000, 0x0000000083c00000, 0x0000000083c00000|100%| O|  |TAMS 0x0000000083c00000, 0x0000000083b00000| Untracked 
|  60|0x0000000083c00000, 0x0000000083d00000, 0x0000000083d00000|100%| O|  |TAMS 0x0000000083d00000, 0x0000000083c00000| Untracked 
|  61|0x0000000083d00000, 0x0000000083e00000, 0x0000000083e00000|100%| O|  |TAMS 0x0000000083e00000, 0x0000000083d00000| Untracked 
|  62|0x0000000083e00000, 0x0000000083f00000, 0x0000000083f00000|100%| O|  |TAMS 0x0000000083f00000, 0x0000000083e00000| Untracked 
|  63|0x0000000083f00000, 0x0000000084000000, 0x0000000084000000|100%| O|  |TAMS 0x0000000084000000, 0x0000000083f00000| Untracked 
|  64|0x0000000084000000, 0x0000000084100000, 0x0000000084100000|100%|HS|  |TAMS 0x0000000084000000, 0x0000000084000000| Complete 
|  65|0x0000000084100000, 0x0000000084200000, 0x0000000084200000|100%| O|  |TAMS 0x0000000084200000, 0x0000000084100000| Untracked 
|  66|0x0000000084200000, 0x0000000084300000, 0x0000000084300000|100%| O|  |TAMS 0x0000000084300000, 0x0000000084200000| Untracked 
|  67|0x0000000084300000, 0x0000000084400000, 0x0000000084400000|100%| O|  |TAMS 0x0000000084400000, 0x0000000084300000| Untracked 
|  68|0x0000000084400000, 0x0000000084500000, 0x0000000084500000|100%|HS|  |TAMS 0x0000000084400000, 0x0000000084400000| Complete 
|  69|0x0000000084500000, 0x0000000084600000, 0x0000000084600000|100%| O|  |TAMS 0x0000000084500000, 0x0000000084500000| Untracked 
|  70|0x0000000084600000, 0x0000000084700000, 0x0000000084700000|100%| O|  |TAMS 0x0000000084600000, 0x0000000084600000| Untracked 
|  71|0x0000000084700000, 0x0000000084800000, 0x0000000084800000|100%| O|  |TAMS 0x0000000084700000, 0x0000000084700000| Untracked 
|  72|0x0000000084800000, 0x0000000084900000, 0x0000000084900000|100%| O|  |TAMS 0x0000000084800000, 0x0000000084800000| Untracked 
|  73|0x0000000084900000, 0x0000000084a00000, 0x0000000084a00000|100%| O|  |TAMS 0x0000000084900000, 0x0000000084900000| Untracked 
|  74|0x0000000084a00000, 0x0000000084b00000, 0x0000000084b00000|100%| O|  |TAMS 0x0000000084a00000, 0x0000000084a00000| Untracked 
|  75|0x0000000084b00000, 0x0000000084c00000, 0x0000000084c00000|100%| O|  |TAMS 0x0000000084b00000, 0x0000000084b00000| Untracked 
|  76|0x0000000084c00000, 0x0000000084d00000, 0x0000000084d00000|100%| O|  |TAMS 0x0000000084c00000, 0x0000000084c00000| Untracked 
|  77|0x0000000084d00000, 0x0000000084e00000, 0x0000000084e00000|100%| O|  |TAMS 0x0000000084d00000, 0x0000000084d00000| Untracked 
|  78|0x0000000084e00000, 0x0000000084f00000, 0x0000000084f00000|100%| O|  |TAMS 0x0000000084e00000, 0x0000000084e00000| Untracked 
|  79|0x0000000084f00000, 0x0000000085000000, 0x0000000085000000|100%| O|  |TAMS 0x0000000084f00000, 0x0000000084f00000| Untracked 
|  80|0x0000000085000000, 0x0000000085100000, 0x0000000085100000|100%| O|  |TAMS 0x0000000085000000, 0x0000000085000000| Untracked 
|  81|0x0000000085100000, 0x0000000085200000, 0x0000000085200000|100%| O|  |TAMS 0x0000000085100000, 0x0000000085100000| Untracked 
|  82|0x0000000085200000, 0x0000000085300000, 0x0000000085300000|100%| O|  |TAMS 0x0000000085200000, 0x0000000085200000| Untracked 
|  83|0x0000000085300000, 0x0000000085400000, 0x0000000085400000|100%| O|  |TAMS 0x0000000085300000, 0x0000000085300000| Untracked 
|  84|0x0000000085400000, 0x0000000085500000, 0x0000000085500000|100%| O|  |TAMS 0x0000000085400000, 0x0000000085400000| Untracked 
|  85|0x0000000085500000, 0x0000000085600000, 0x0000000085600000|100%| O|  |TAMS 0x0000000085500000, 0x0000000085500000| Untracked 
|  86|0x0000000085600000, 0x0000000085700000, 0x0000000085700000|100%| O|  |TAMS 0x0000000085600000, 0x0000000085600000| Untracked 
|  87|0x0000000085700000, 0x0000000085800000, 0x0000000085800000|100%| O|  |TAMS 0x0000000085700000, 0x0000000085700000| Untracked 
|  88|0x0000000085800000, 0x0000000085900000, 0x0000000085900000|100%| O|  |TAMS 0x0000000085800000, 0x0000000085800000| Untracked 
|  89|0x0000000085900000, 0x0000000085a00000, 0x0000000085a00000|100%| O|  |TAMS 0x0000000085900000, 0x0000000085900000| Untracked 
|  90|0x0000000085a00000, 0x0000000085b00000, 0x0000000085b00000|100%| O|  |TAMS 0x0000000085a00000, 0x0000000085a00000| Untracked 
|  91|0x0000000085b00000, 0x0000000085c00000, 0x0000000085c00000|100%| O|  |TAMS 0x0000000085b00000, 0x0000000085b00000| Untracked 
|  92|0x0000000085c00000, 0x0000000085d00000, 0x0000000085d00000|100%| O|  |TAMS 0x0000000085c00000, 0x0000000085c00000| Untracked 
|  93|0x0000000085d00000, 0x0000000085e00000, 0x0000000085e00000|100%| O|  |TAMS 0x0000000085d00000, 0x0000000085d00000| Untracked 
|  94|0x0000000085e00000, 0x0000000085f00000, 0x0000000085f00000|100%| O|  |TAMS 0x0000000085e00000, 0x0000000085e00000| Untracked 
|  95|0x0000000085f00000, 0x0000000086000000, 0x0000000086000000|100%| O|  |TAMS 0x0000000085f00000, 0x0000000085f00000| Untracked 
|  96|0x0000000086000000, 0x0000000086100000, 0x0000000086100000|100%| O|  |TAMS 0x0000000086000000, 0x0000000086000000| Untracked 
|  97|0x0000000086100000, 0x0000000086200000, 0x0000000086200000|100%| O|  |TAMS 0x0000000086100000, 0x0000000086100000| Untracked 
|  98|0x0000000086200000, 0x0000000086300000, 0x0000000086300000|100%| O|  |TAMS 0x0000000086200000, 0x0000000086200000| Untracked 
|  99|0x0000000086300000, 0x0000000086400000, 0x0000000086400000|100%| O|  |TAMS 0x0000000086300000, 0x0000000086300000| Untracked 
| 100|0x0000000086400000, 0x0000000086500000, 0x0000000086500000|100%| O|  |TAMS 0x0000000086400000, 0x0000000086400000| Untracked 
| 101|0x0000000086500000, 0x0000000086600000, 0x0000000086600000|100%| O|  |TAMS 0x0000000086500000, 0x0000000086500000| Untracked 
| 102|0x0000000086600000, 0x0000000086700000, 0x0000000086700000|100%| O|  |TAMS 0x0000000086600000, 0x0000000086600000| Untracked 
| 103|0x0000000086700000, 0x0000000086800000, 0x0000000086800000|100%| O|  |TAMS 0x0000000086700000, 0x0000000086700000| Untracked 
| 104|0x0000000086800000, 0x0000000086900000, 0x0000000086900000|100%| O|  |TAMS 0x0000000086800000, 0x0000000086800000| Untracked 
| 105|0x0000000086900000, 0x0000000086a00000, 0x0000000086a00000|100%| O|  |TAMS 0x0000000086900000, 0x0000000086900000| Untracked 
| 106|0x0000000086a00000, 0x0000000086b00000, 0x0000000086b00000|100%| O|  |TAMS 0x0000000086a00000, 0x0000000086a00000| Untracked 
| 107|0x0000000086b00000, 0x0000000086c00000, 0x0000000086c00000|100%| O|  |TAMS 0x0000000086b00000, 0x0000000086b00000| Untracked 
| 108|0x0000000086c00000, 0x0000000086d00000, 0x0000000086d00000|100%| O|  |TAMS 0x0000000086c00000, 0x0000000086c00000| Untracked 
| 109|0x0000000086d00000, 0x0000000086e00000, 0x0000000086e00000|100%| O|  |TAMS 0x0000000086d00000, 0x0000000086d00000| Untracked 
| 110|0x0000000086e00000, 0x0000000086f00000, 0x0000000086f00000|100%| O|  |TAMS 0x0000000086e00000, 0x0000000086e00000| Untracked 
| 111|0x0000000086f00000, 0x0000000087000000, 0x0000000087000000|100%| O|  |TAMS 0x0000000086f00000, 0x0000000086f00000| Untracked 
| 112|0x0000000087000000, 0x00000000870d1400, 0x0000000087100000| 81%| O|  |TAMS 0x0000000087000000, 0x0000000087000000| Untracked 
| 113|0x0000000087100000, 0x0000000087100000, 0x0000000087200000|  0%| F|  |TAMS 0x0000000087100000, 0x0000000087100000| Untracked 
| 114|0x0000000087200000, 0x0000000087200000, 0x0000000087300000|  0%| F|  |TAMS 0x0000000087200000, 0x0000000087200000| Untracked 
| 115|0x0000000087300000, 0x0000000087300000, 0x0000000087400000|  0%| F|  |TAMS 0x0000000087300000, 0x0000000087300000| Untracked 
| 116|0x0000000087400000, 0x0000000087400000, 0x0000000087500000|  0%| F|  |TAMS 0x0000000087400000, 0x0000000087400000| Untracked 
| 117|0x0000000087500000, 0x0000000087500000, 0x0000000087600000|  0%| F|  |TAMS 0x0000000087500000, 0x0000000087500000| Untracked 
| 118|0x0000000087600000, 0x0000000087600000, 0x0000000087700000|  0%| F|  |TAMS 0x0000000087600000, 0x0000000087600000| Untracked 
| 119|0x0000000087700000, 0x0000000087700000, 0x0000000087800000|  0%| F|  |TAMS 0x0000000087700000, 0x0000000087700000| Untracked 
| 120|0x0000000087800000, 0x0000000087800000, 0x0000000087900000|  0%| F|  |TAMS 0x0000000087800000, 0x0000000087800000| Untracked 
| 121|0x0000000087900000, 0x0000000087900000, 0x0000000087a00000|  0%| F|  |TAMS 0x0000000087900000, 0x0000000087900000| Untracked 
| 122|0x0000000087a00000, 0x0000000087a00000, 0x0000000087b00000|  0%| F|  |TAMS 0x0000000087a00000, 0x0000000087a00000| Untracked 
| 123|0x0000000087b00000, 0x0000000087b00000, 0x0000000087c00000|  0%| F|  |TAMS 0x0000000087b00000, 0x0000000087b00000| Untracked 
| 124|0x0000000087c00000, 0x0000000087c00000, 0x0000000087d00000|  0%| F|  |TAMS 0x0000000087c00000, 0x0000000087c00000| Untracked 
| 125|0x0000000087d00000, 0x0000000087d00000, 0x0000000087e00000|  0%| F|  |TAMS 0x0000000087d00000, 0x0000000087d00000| Untracked 
| 126|0x0000000087e00000, 0x0000000087e00000, 0x0000000087f00000|  0%| F|  |TAMS 0x0000000087e00000, 0x0000000087e00000| Untracked 
| 127|0x0000000087f00000, 0x0000000087f00000, 0x0000000088000000|  0%| F|  |TAMS 0x0000000087f00000, 0x0000000087f00000| Untracked 
| 128|0x0000000088000000, 0x0000000088000000, 0x0000000088100000|  0%| F|  |TAMS 0x0000000088000000, 0x0000000088000000| Untracked 
| 129|0x0000000088100000, 0x0000000088100000, 0x0000000088200000|  0%| F|  |TAMS 0x0000000088100000, 0x0000000088100000| Untracked 
| 130|0x0000000088200000, 0x0000000088200000, 0x0000000088300000|  0%| F|  |TAMS 0x0000000088200000, 0x0000000088200000| Untracked 
| 131|0x0000000088300000, 0x0000000088300000, 0x0000000088400000|  0%| F|  |TAMS 0x0000000088300000, 0x0000000088300000| Untracked 
| 132|0x0000000088400000, 0x0000000088400000, 0x0000000088500000|  0%| F|  |TAMS 0x0000000088400000, 0x0000000088400000| Untracked 
| 133|0x0000000088500000, 0x0000000088500000, 0x0000000088600000|  0%| F|  |TAMS 0x0000000088500000, 0x0000000088500000| Untracked 
| 134|0x0000000088600000, 0x0000000088600000, 0x0000000088700000|  0%| F|  |TAMS 0x0000000088600000, 0x0000000088600000| Untracked 
| 135|0x0000000088700000, 0x0000000088700000, 0x0000000088800000|  0%| F|  |TAMS 0x0000000088700000, 0x0000000088700000| Untracked 
| 136|0x0000000088800000, 0x0000000088800000, 0x0000000088900000|  0%| F|  |TAMS 0x0000000088800000, 0x0000000088800000| Untracked 
| 137|0x0000000088900000, 0x0000000088900000, 0x0000000088a00000|  0%| F|  |TAMS 0x0000000088900000, 0x0000000088900000| Untracked 
| 138|0x0000000088a00000, 0x0000000088a00000, 0x0000000088b00000|  0%| F|  |TAMS 0x0000000088a00000, 0x0000000088a00000| Untracked 
| 139|0x0000000088b00000, 0x0000000088b00000, 0x0000000088c00000|  0%| F|  |TAMS 0x0000000088b00000, 0x0000000088b00000| Untracked 
| 140|0x0000000088c00000, 0x0000000088c00000, 0x0000000088d00000|  0%| F|  |TAMS 0x0000000088c00000, 0x0000000088c00000| Untracked 
| 141|0x0000000088d00000, 0x0000000088d00000, 0x0000000088e00000|  0%| F|  |TAMS 0x0000000088d00000, 0x0000000088d00000| Untracked 
| 142|0x0000000088e00000, 0x0000000088e00000, 0x0000000088f00000|  0%| F|  |TAMS 0x0000000088e00000, 0x0000000088e00000| Untracked 
| 143|0x0000000088f00000, 0x0000000088f00000, 0x0000000089000000|  0%| F|  |TAMS 0x0000000088f00000, 0x0000000088f00000| Untracked 
| 144|0x0000000089000000, 0x0000000089000000, 0x0000000089100000|  0%| F|  |TAMS 0x0000000089000000, 0x0000000089000000| Untracked 
| 145|0x0000000089100000, 0x0000000089100000, 0x0000000089200000|  0%| F|  |TAMS 0x0000000089100000, 0x0000000089100000| Untracked 
| 146|0x0000000089200000, 0x0000000089200000, 0x0000000089300000|  0%| F|  |TAMS 0x0000000089200000, 0x0000000089200000| Untracked 
| 147|0x0000000089300000, 0x0000000089300000, 0x0000000089400000|  0%| F|  |TAMS 0x0000000089300000, 0x0000000089300000| Untracked 
| 148|0x0000000089400000, 0x0000000089400000, 0x0000000089500000|  0%| F|  |TAMS 0x0000000089400000, 0x0000000089400000| Untracked 
| 149|0x0000000089500000, 0x0000000089500000, 0x0000000089600000|  0%| F|  |TAMS 0x0000000089500000, 0x0000000089500000| Untracked 
| 150|0x0000000089600000, 0x0000000089600000, 0x0000000089700000|  0%| F|  |TAMS 0x0000000089600000, 0x0000000089600000| Untracked 
| 151|0x0000000089700000, 0x0000000089700000, 0x0000000089800000|  0%| F|  |TAMS 0x0000000089700000, 0x0000000089700000| Untracked 
| 152|0x0000000089800000, 0x0000000089800000, 0x0000000089900000|  0%| F|  |TAMS 0x0000000089800000, 0x0000000089800000| Untracked 
| 153|0x0000000089900000, 0x0000000089900000, 0x0000000089a00000|  0%| F|  |TAMS 0x0000000089900000, 0x0000000089900000| Untracked 
| 154|0x0000000089a00000, 0x0000000089a00000, 0x0000000089b00000|  0%| F|  |TAMS 0x0000000089a00000, 0x0000000089a00000| Untracked 
| 155|0x0000000089b00000, 0x0000000089b00000, 0x0000000089c00000|  0%| F|  |TAMS 0x0000000089b00000, 0x0000000089b00000| Untracked 
| 156|0x0000000089c00000, 0x0000000089c00000, 0x0000000089d00000|  0%| F|  |TAMS 0x0000000089c00000, 0x0000000089c00000| Untracked 
| 157|0x0000000089d00000, 0x0000000089d00000, 0x0000000089e00000|  0%| F|  |TAMS 0x0000000089d00000, 0x0000000089d00000| Untracked 
| 158|0x0000000089e00000, 0x0000000089e00000, 0x0000000089f00000|  0%| F|  |TAMS 0x0000000089e00000, 0x0000000089e00000| Untracked 
| 159|0x0000000089f00000, 0x0000000089f00000, 0x000000008a000000|  0%| F|  |TAMS 0x0000000089f00000, 0x0000000089f00000| Untracked 
| 160|0x000000008a000000, 0x000000008a000000, 0x000000008a100000|  0%| F|  |TAMS 0x000000008a000000, 0x000000008a000000| Untracked 
| 161|0x000000008a100000, 0x000000008a100000, 0x000000008a200000|  0%| F|  |TAMS 0x000000008a100000, 0x000000008a100000| Untracked 
| 162|0x000000008a200000, 0x000000008a200000, 0x000000008a300000|  0%| F|  |TAMS 0x000000008a200000, 0x000000008a200000| Untracked 
| 163|0x000000008a300000, 0x000000008a300000, 0x000000008a400000|  0%| F|  |TAMS 0x000000008a300000, 0x000000008a300000| Untracked 
| 164|0x000000008a400000, 0x000000008a400000, 0x000000008a500000|  0%| F|  |TAMS 0x000000008a400000, 0x000000008a400000| Untracked 
| 165|0x000000008a500000, 0x000000008a500000, 0x000000008a600000|  0%| F|  |TAMS 0x000000008a500000, 0x000000008a500000| Untracked 
| 166|0x000000008a600000, 0x000000008a600000, 0x000000008a700000|  0%| F|  |TAMS 0x000000008a600000, 0x000000008a600000| Untracked 
| 167|0x000000008a700000, 0x000000008a700000, 0x000000008a800000|  0%| F|  |TAMS 0x000000008a700000, 0x000000008a700000| Untracked 
| 168|0x000000008a800000, 0x000000008a800000, 0x000000008a900000|  0%| F|  |TAMS 0x000000008a800000, 0x000000008a800000| Untracked 
| 169|0x000000008a900000, 0x000000008a900000, 0x000000008aa00000|  0%| F|  |TAMS 0x000000008a900000, 0x000000008a900000| Untracked 
| 170|0x000000008aa00000, 0x000000008aa00000, 0x000000008ab00000|  0%| F|  |TAMS 0x000000008aa00000, 0x000000008aa00000| Untracked 
| 171|0x000000008ab00000, 0x000000008ab00000, 0x000000008ac00000|  0%| F|  |TAMS 0x000000008ab00000, 0x000000008ab00000| Untracked 
| 172|0x000000008ac00000, 0x000000008ac00000, 0x000000008ad00000|  0%| F|  |TAMS 0x000000008ac00000, 0x000000008ac00000| Untracked 
| 173|0x000000008ad00000, 0x000000008ad00000, 0x000000008ae00000|  0%| F|  |TAMS 0x000000008ad00000, 0x000000008ad00000| Untracked 
| 174|0x000000008ae00000, 0x000000008ae00000, 0x000000008af00000|  0%| F|  |TAMS 0x000000008ae00000, 0x000000008ae00000| Untracked 
| 175|0x000000008af00000, 0x000000008af00000, 0x000000008b000000|  0%| F|  |TAMS 0x000000008af00000, 0x000000008af00000| Untracked 
| 176|0x000000008b000000, 0x000000008b000000, 0x000000008b100000|  0%| F|  |TAMS 0x000000008b000000, 0x000000008b000000| Untracked 
| 177|0x000000008b100000, 0x000000008b100000, 0x000000008b200000|  0%| F|  |TAMS 0x000000008b100000, 0x000000008b100000| Untracked 
| 178|0x000000008b200000, 0x000000008b200000, 0x000000008b300000|  0%| F|  |TAMS 0x000000008b200000, 0x000000008b200000| Untracked 
| 179|0x000000008b300000, 0x000000008b300000, 0x000000008b400000|  0%| F|  |TAMS 0x000000008b300000, 0x000000008b300000| Untracked 
| 180|0x000000008b400000, 0x000000008b400000, 0x000000008b500000|  0%| F|  |TAMS 0x000000008b400000, 0x000000008b400000| Untracked 
| 181|0x000000008b500000, 0x000000008b500000, 0x000000008b600000|  0%| F|  |TAMS 0x000000008b500000, 0x000000008b500000| Untracked 
| 182|0x000000008b600000, 0x000000008b600000, 0x000000008b700000|  0%| F|  |TAMS 0x000000008b600000, 0x000000008b600000| Untracked 
| 183|0x000000008b700000, 0x000000008b700000, 0x000000008b800000|  0%| F|  |TAMS 0x000000008b700000, 0x000000008b700000| Untracked 
| 184|0x000000008b800000, 0x000000008b800000, 0x000000008b900000|  0%| F|  |TAMS 0x000000008b800000, 0x000000008b800000| Untracked 
| 185|0x000000008b900000, 0x000000008b900000, 0x000000008ba00000|  0%| F|  |TAMS 0x000000008b900000, 0x000000008b900000| Untracked 
| 186|0x000000008ba00000, 0x000000008ba00000, 0x000000008bb00000|  0%| F|  |TAMS 0x000000008ba00000, 0x000000008ba00000| Untracked 
| 187|0x000000008bb00000, 0x000000008bb00000, 0x000000008bc00000|  0%| F|  |TAMS 0x000000008bb00000, 0x000000008bb00000| Untracked 
| 188|0x000000008bc00000, 0x000000008bc00000, 0x000000008bd00000|  0%| F|  |TAMS 0x000000008bc00000, 0x000000008bc00000| Untracked 
| 189|0x000000008bd00000, 0x000000008bd00000, 0x000000008be00000|  0%| F|  |TAMS 0x000000008bd00000, 0x000000008bd00000| Untracked 
| 190|0x000000008be00000, 0x000000008be00000, 0x000000008bf00000|  0%| F|  |TAMS 0x000000008be00000, 0x000000008be00000| Untracked 
| 191|0x000000008bf00000, 0x000000008bf00000, 0x000000008c000000|  0%| F|  |TAMS 0x000000008bf00000, 0x000000008bf00000| Untracked 
| 192|0x000000008c000000, 0x000000008c000000, 0x000000008c100000|  0%| F|  |TAMS 0x000000008c000000, 0x000000008c000000| Untracked 
| 193|0x000000008c100000, 0x000000008c100000, 0x000000008c200000|  0%| F|  |TAMS 0x000000008c100000, 0x000000008c100000| Untracked 
| 194|0x000000008c200000, 0x000000008c200000, 0x000000008c300000|  0%| F|  |TAMS 0x000000008c200000, 0x000000008c200000| Untracked 
| 195|0x000000008c300000, 0x000000008c300000, 0x000000008c400000|  0%| F|  |TAMS 0x000000008c300000, 0x000000008c300000| Untracked 
| 196|0x000000008c400000, 0x000000008c400000, 0x000000008c500000|  0%| F|  |TAMS 0x000000008c400000, 0x000000008c400000| Untracked 
| 197|0x000000008c500000, 0x000000008c500000, 0x000000008c600000|  0%| F|  |TAMS 0x000000008c500000, 0x000000008c500000| Untracked 
| 198|0x000000008c600000, 0x000000008c600000, 0x000000008c700000|  0%| F|  |TAMS 0x000000008c600000, 0x000000008c600000| Untracked 
| 199|0x000000008c700000, 0x000000008c700000, 0x000000008c800000|  0%| F|  |TAMS 0x000000008c700000, 0x000000008c700000| Untracked 
| 200|0x000000008c800000, 0x000000008c800000, 0x000000008c900000|  0%| F|  |TAMS 0x000000008c800000, 0x000000008c800000| Untracked 
| 201|0x000000008c900000, 0x000000008c9fa618, 0x000000008ca00000| 97%| S|CS|TAMS 0x000000008c900000, 0x000000008c900000| Complete 
| 202|0x000000008ca00000, 0x000000008cb00000, 0x000000008cb00000|100%| S|CS|TAMS 0x000000008ca00000, 0x000000008ca00000| Complete 
| 203|0x000000008cb00000, 0x000000008cb00000, 0x000000008cc00000|  0%| F|  |TAMS 0x000000008cb00000, 0x000000008cb00000| Untracked 
| 204|0x000000008cc00000, 0x000000008cc00000, 0x000000008cd00000|  0%| F|  |TAMS 0x000000008cc00000, 0x000000008cc00000| Untracked 
| 205|0x000000008cd00000, 0x000000008cd00000, 0x000000008ce00000|  0%| F|  |TAMS 0x000000008cd00000, 0x000000008cd00000| Untracked 
| 206|0x000000008ce00000, 0x000000008ce00000, 0x000000008cf00000|  0%| F|  |TAMS 0x000000008ce00000, 0x000000008ce00000| Untracked 
| 207|0x000000008cf00000, 0x000000008cf00000, 0x000000008d000000|  0%| F|  |TAMS 0x000000008cf00000, 0x000000008cf00000| Untracked 
| 208|0x000000008d000000, 0x000000008d000000, 0x000000008d100000|  0%| F|  |TAMS 0x000000008d000000, 0x000000008d000000| Untracked 
| 209|0x000000008d100000, 0x000000008d100000, 0x000000008d200000|  0%| F|  |TAMS 0x000000008d100000, 0x000000008d100000| Untracked 
| 210|0x000000008d200000, 0x000000008d200000, 0x000000008d300000|  0%| F|  |TAMS 0x000000008d200000, 0x000000008d200000| Untracked 
| 211|0x000000008d300000, 0x000000008d300000, 0x000000008d400000|  0%| F|  |TAMS 0x000000008d300000, 0x000000008d300000| Untracked 
| 212|0x000000008d400000, 0x000000008d400000, 0x000000008d500000|  0%| F|  |TAMS 0x000000008d400000, 0x000000008d400000| Untracked 
| 213|0x000000008d500000, 0x000000008d500000, 0x000000008d600000|  0%| F|  |TAMS 0x000000008d500000, 0x000000008d500000| Untracked 
| 214|0x000000008d600000, 0x000000008d600000, 0x000000008d700000|  0%| F|  |TAMS 0x000000008d600000, 0x000000008d600000| Untracked 
| 215|0x000000008d700000, 0x000000008d700000, 0x000000008d800000|  0%| F|  |TAMS 0x000000008d700000, 0x000000008d700000| Untracked 
| 216|0x000000008d800000, 0x000000008d800000, 0x000000008d900000|  0%| F|  |TAMS 0x000000008d800000, 0x000000008d800000| Untracked 
| 217|0x000000008d900000, 0x000000008d900000, 0x000000008da00000|  0%| F|  |TAMS 0x000000008d900000, 0x000000008d900000| Untracked 
| 218|0x000000008da00000, 0x000000008da00000, 0x000000008db00000|  0%| F|  |TAMS 0x000000008da00000, 0x000000008da00000| Untracked 
| 219|0x000000008db00000, 0x000000008db00000, 0x000000008dc00000|  0%| F|  |TAMS 0x000000008db00000, 0x000000008db00000| Untracked 
| 220|0x000000008dc00000, 0x000000008dc00000, 0x000000008dd00000|  0%| F|  |TAMS 0x000000008dc00000, 0x000000008dc00000| Untracked 
| 221|0x000000008dd00000, 0x000000008dd00000, 0x000000008de00000|  0%| F|  |TAMS 0x000000008dd00000, 0x000000008dd00000| Untracked 
| 222|0x000000008de00000, 0x000000008de00000, 0x000000008df00000|  0%| F|  |TAMS 0x000000008de00000, 0x000000008de00000| Untracked 
| 223|0x000000008df00000, 0x000000008df00000, 0x000000008e000000|  0%| F|  |TAMS 0x000000008df00000, 0x000000008df00000| Untracked 
| 224|0x000000008e000000, 0x000000008e000000, 0x000000008e100000|  0%| F|  |TAMS 0x000000008e000000, 0x000000008e000000| Untracked 
| 225|0x000000008e100000, 0x000000008e100000, 0x000000008e200000|  0%| F|  |TAMS 0x000000008e100000, 0x000000008e100000| Untracked 
| 226|0x000000008e200000, 0x000000008e200000, 0x000000008e300000|  0%| F|  |TAMS 0x000000008e200000, 0x000000008e200000| Untracked 
| 227|0x000000008e300000, 0x000000008e300000, 0x000000008e400000|  0%| F|  |TAMS 0x000000008e300000, 0x000000008e300000| Untracked 
| 228|0x000000008e400000, 0x000000008e400000, 0x000000008e500000|  0%| F|  |TAMS 0x000000008e400000, 0x000000008e400000| Untracked 
| 229|0x000000008e500000, 0x000000008e500000, 0x000000008e600000|  0%| F|  |TAMS 0x000000008e500000, 0x000000008e500000| Untracked 
| 230|0x000000008e600000, 0x000000008e600000, 0x000000008e700000|  0%| F|  |TAMS 0x000000008e600000, 0x000000008e600000| Untracked 
| 231|0x000000008e700000, 0x000000008e700000, 0x000000008e800000|  0%| F|  |TAMS 0x000000008e700000, 0x000000008e700000| Untracked 
| 232|0x000000008e800000, 0x000000008e800000, 0x000000008e900000|  0%| F|  |TAMS 0x000000008e800000, 0x000000008e800000| Untracked 
| 233|0x000000008e900000, 0x000000008e900000, 0x000000008ea00000|  0%| F|  |TAMS 0x000000008e900000, 0x000000008e900000| Untracked 
| 234|0x000000008ea00000, 0x000000008ea00000, 0x000000008eb00000|  0%| F|  |TAMS 0x000000008ea00000, 0x000000008ea00000| Untracked 
| 235|0x000000008eb00000, 0x000000008eb00000, 0x000000008ec00000|  0%| F|  |TAMS 0x000000008eb00000, 0x000000008eb00000| Untracked 
| 236|0x000000008ec00000, 0x000000008ec00000, 0x000000008ed00000|  0%| F|  |TAMS 0x000000008ec00000, 0x000000008ec00000| Untracked 
| 237|0x000000008ed00000, 0x000000008ed00000, 0x000000008ee00000|  0%| F|  |TAMS 0x000000008ed00000, 0x000000008ed00000| Untracked 
| 238|0x000000008ee00000, 0x000000008ee00000, 0x000000008ef00000|  0%| F|  |TAMS 0x000000008ee00000, 0x000000008ee00000| Untracked 
| 239|0x000000008ef00000, 0x000000008ef00000, 0x000000008f000000|  0%| F|  |TAMS 0x000000008ef00000, 0x000000008ef00000| Untracked 
| 240|0x000000008f000000, 0x000000008f000000, 0x000000008f100000|  0%| F|  |TAMS 0x000000008f000000, 0x000000008f000000| Untracked 
| 241|0x000000008f100000, 0x000000008f100000, 0x000000008f200000|  0%| F|  |TAMS 0x000000008f100000, 0x000000008f100000| Untracked 
| 242|0x000000008f200000, 0x000000008f200000, 0x000000008f300000|  0%| F|  |TAMS 0x000000008f200000, 0x000000008f200000| Untracked 
| 243|0x000000008f300000, 0x000000008f300000, 0x000000008f400000|  0%| F|  |TAMS 0x000000008f300000, 0x000000008f300000| Untracked 
| 244|0x000000008f400000, 0x000000008f400000, 0x000000008f500000|  0%| F|  |TAMS 0x000000008f400000, 0x000000008f400000| Untracked 
| 245|0x000000008f500000, 0x000000008f500000, 0x000000008f600000|  0%| F|  |TAMS 0x000000008f500000, 0x000000008f500000| Untracked 
| 246|0x000000008f600000, 0x000000008f600000, 0x000000008f700000|  0%| F|  |TAMS 0x000000008f600000, 0x000000008f600000| Untracked 
| 247|0x000000008f700000, 0x000000008f700000, 0x000000008f800000|  0%| F|  |TAMS 0x000000008f700000, 0x000000008f700000| Untracked 
| 248|0x000000008f800000, 0x000000008f800000, 0x000000008f900000|  0%| F|  |TAMS 0x000000008f800000, 0x000000008f800000| Untracked 
| 249|0x000000008f900000, 0x000000008f900000, 0x000000008fa00000|  0%| F|  |TAMS 0x000000008f900000, 0x000000008f900000| Untracked 
| 250|0x000000008fa00000, 0x000000008fa00000, 0x000000008fb00000|  0%| F|  |TAMS 0x000000008fa00000, 0x000000008fa00000| Untracked 
| 251|0x000000008fb00000, 0x000000008fb00000, 0x000000008fc00000|  0%| F|  |TAMS 0x000000008fb00000, 0x000000008fb00000| Untracked 
| 252|0x000000008fc00000, 0x000000008fc00000, 0x000000008fd00000|  0%| F|  |TAMS 0x000000008fc00000, 0x000000008fc00000| Untracked 
| 253|0x000000008fd00000, 0x000000008fd00000, 0x000000008fe00000|  0%| F|  |TAMS 0x000000008fd00000, 0x000000008fd00000| Untracked 
| 254|0x000000008fe00000, 0x000000008fe00000, 0x000000008ff00000|  0%| F|  |TAMS 0x000000008fe00000, 0x000000008fe00000| Untracked 
| 255|0x000000008ff00000, 0x000000008ff00000, 0x0000000090000000|  0%| F|  |TAMS 0x000000008ff00000, 0x000000008ff00000| Untracked 
| 256|0x0000000090000000, 0x0000000090000000, 0x0000000090100000|  0%| F|  |TAMS 0x0000000090000000, 0x0000000090000000| Untracked 
| 257|0x0000000090100000, 0x0000000090100000, 0x0000000090200000|  0%| F|  |TAMS 0x0000000090100000, 0x0000000090100000| Untracked 
| 258|0x0000000090200000, 0x0000000090200000, 0x0000000090300000|  0%| F|  |TAMS 0x0000000090200000, 0x0000000090200000| Untracked 
| 259|0x0000000090300000, 0x0000000090300000, 0x0000000090400000|  0%| F|  |TAMS 0x0000000090300000, 0x0000000090300000| Untracked 
| 260|0x0000000090400000, 0x0000000090400000, 0x0000000090500000|  0%| F|  |TAMS 0x0000000090400000, 0x0000000090400000| Untracked 
| 261|0x0000000090500000, 0x0000000090500000, 0x0000000090600000|  0%| F|  |TAMS 0x0000000090500000, 0x0000000090500000| Untracked 
| 262|0x0000000090600000, 0x0000000090600000, 0x0000000090700000|  0%| F|  |TAMS 0x0000000090600000, 0x0000000090600000| Untracked 
| 263|0x0000000090700000, 0x0000000090700000, 0x0000000090800000|  0%| F|  |TAMS 0x0000000090700000, 0x0000000090700000| Untracked 
| 264|0x0000000090800000, 0x0000000090800000, 0x0000000090900000|  0%| F|  |TAMS 0x0000000090800000, 0x0000000090800000| Untracked 
| 265|0x0000000090900000, 0x0000000090900000, 0x0000000090a00000|  0%| F|  |TAMS 0x0000000090900000, 0x0000000090900000| Untracked 
| 266|0x0000000090a00000, 0x0000000090a00000, 0x0000000090b00000|  0%| F|  |TAMS 0x0000000090a00000, 0x0000000090a00000| Untracked 
| 267|0x0000000090b00000, 0x0000000090b00000, 0x0000000090c00000|  0%| F|  |TAMS 0x0000000090b00000, 0x0000000090b00000| Untracked 
| 268|0x0000000090c00000, 0x0000000090c00000, 0x0000000090d00000|  0%| F|  |TAMS 0x0000000090c00000, 0x0000000090c00000| Untracked 
| 269|0x0000000090d00000, 0x0000000090d00000, 0x0000000090e00000|  0%| F|  |TAMS 0x0000000090d00000, 0x0000000090d00000| Untracked 
| 270|0x0000000090e00000, 0x0000000090e00000, 0x0000000090f00000|  0%| F|  |TAMS 0x0000000090e00000, 0x0000000090e00000| Untracked 
| 271|0x0000000090f00000, 0x0000000090f00000, 0x0000000091000000|  0%| F|  |TAMS 0x0000000090f00000, 0x0000000090f00000| Untracked 
| 272|0x0000000091000000, 0x0000000091000000, 0x0000000091100000|  0%| F|  |TAMS 0x0000000091000000, 0x0000000091000000| Untracked 
| 273|0x0000000091100000, 0x0000000091100000, 0x0000000091200000|  0%| F|  |TAMS 0x0000000091100000, 0x0000000091100000| Untracked 
| 274|0x0000000091200000, 0x0000000091200000, 0x0000000091300000|  0%| F|  |TAMS 0x0000000091200000, 0x0000000091200000| Untracked 
| 275|0x0000000091300000, 0x0000000091300000, 0x0000000091400000|  0%| F|  |TAMS 0x0000000091300000, 0x0000000091300000| Untracked 
| 276|0x0000000091400000, 0x0000000091400000, 0x0000000091500000|  0%| F|  |TAMS 0x0000000091400000, 0x0000000091400000| Untracked 
| 277|0x0000000091500000, 0x0000000091500000, 0x0000000091600000|  0%| F|  |TAMS 0x0000000091500000, 0x0000000091500000| Untracked 
| 278|0x0000000091600000, 0x0000000091600000, 0x0000000091700000|  0%| F|  |TAMS 0x0000000091600000, 0x0000000091600000| Untracked 
| 279|0x0000000091700000, 0x0000000091700000, 0x0000000091800000|  0%| F|  |TAMS 0x0000000091700000, 0x0000000091700000| Untracked 
| 280|0x0000000091800000, 0x0000000091800000, 0x0000000091900000|  0%| F|  |TAMS 0x0000000091800000, 0x0000000091800000| Untracked 
| 281|0x0000000091900000, 0x0000000091900000, 0x0000000091a00000|  0%| F|  |TAMS 0x0000000091900000, 0x0000000091900000| Untracked 
| 282|0x0000000091a00000, 0x0000000091a00000, 0x0000000091b00000|  0%| F|  |TAMS 0x0000000091a00000, 0x0000000091a00000| Untracked 
| 283|0x0000000091b00000, 0x0000000091b00000, 0x0000000091c00000|  0%| F|  |TAMS 0x0000000091b00000, 0x0000000091b00000| Untracked 
| 284|0x0000000091c00000, 0x0000000091c00000, 0x0000000091d00000|  0%| F|  |TAMS 0x0000000091c00000, 0x0000000091c00000| Untracked 
| 285|0x0000000091d00000, 0x0000000091d00000, 0x0000000091e00000|  0%| F|  |TAMS 0x0000000091d00000, 0x0000000091d00000| Untracked 
| 286|0x0000000091e00000, 0x0000000091e00000, 0x0000000091f00000|  0%| F|  |TAMS 0x0000000091e00000, 0x0000000091e00000| Untracked 
| 287|0x0000000091f00000, 0x0000000091f00000, 0x0000000092000000|  0%| F|  |TAMS 0x0000000091f00000, 0x0000000091f00000| Untracked 
| 288|0x0000000092000000, 0x0000000092000000, 0x0000000092100000|  0%| F|  |TAMS 0x0000000092000000, 0x0000000092000000| Untracked 
| 289|0x0000000092100000, 0x0000000092100000, 0x0000000092200000|  0%| F|  |TAMS 0x0000000092100000, 0x0000000092100000| Untracked 
| 290|0x0000000092200000, 0x0000000092200000, 0x0000000092300000|  0%| F|  |TAMS 0x0000000092200000, 0x0000000092200000| Untracked 
| 291|0x0000000092300000, 0x0000000092300000, 0x0000000092400000|  0%| F|  |TAMS 0x0000000092300000, 0x0000000092300000| Untracked 
| 292|0x0000000092400000, 0x0000000092400000, 0x0000000092500000|  0%| F|  |TAMS 0x0000000092400000, 0x0000000092400000| Untracked 
| 293|0x0000000092500000, 0x0000000092500000, 0x0000000092600000|  0%| F|  |TAMS 0x0000000092500000, 0x0000000092500000| Untracked 
| 294|0x0000000092600000, 0x0000000092600000, 0x0000000092700000|  0%| F|  |TAMS 0x0000000092600000, 0x0000000092600000| Untracked 
| 295|0x0000000092700000, 0x0000000092700000, 0x0000000092800000|  0%| F|  |TAMS 0x0000000092700000, 0x0000000092700000| Untracked 
| 296|0x0000000092800000, 0x0000000092800000, 0x0000000092900000|  0%| F|  |TAMS 0x0000000092800000, 0x0000000092800000| Untracked 
| 297|0x0000000092900000, 0x0000000092900000, 0x0000000092a00000|  0%| F|  |TAMS 0x0000000092900000, 0x0000000092900000| Untracked 
| 298|0x0000000092a00000, 0x0000000092a00000, 0x0000000092b00000|  0%| F|  |TAMS 0x0000000092a00000, 0x0000000092a00000| Untracked 
| 299|0x0000000092b00000, 0x0000000092b00000, 0x0000000092c00000|  0%| F|  |TAMS 0x0000000092b00000, 0x0000000092b00000| Untracked 
| 300|0x0000000092c00000, 0x0000000092c00000, 0x0000000092d00000|  0%| F|  |TAMS 0x0000000092c00000, 0x0000000092c00000| Untracked 
| 301|0x0000000092d00000, 0x0000000092d00000, 0x0000000092e00000|  0%| F|  |TAMS 0x0000000092d00000, 0x0000000092d00000| Untracked 
| 302|0x0000000092e00000, 0x0000000092e00000, 0x0000000092f00000|  0%| F|  |TAMS 0x0000000092e00000, 0x0000000092e00000| Untracked 
| 303|0x0000000092f00000, 0x0000000092f00000, 0x0000000093000000|  0%| F|  |TAMS 0x0000000092f00000, 0x0000000092f00000| Untracked 
| 304|0x0000000093000000, 0x0000000093000000, 0x0000000093100000|  0%| F|  |TAMS 0x0000000093000000, 0x0000000093000000| Untracked 
| 305|0x0000000093100000, 0x0000000093100000, 0x0000000093200000|  0%| F|  |TAMS 0x0000000093100000, 0x0000000093100000| Untracked 
| 306|0x0000000093200000, 0x0000000093200000, 0x0000000093300000|  0%| F|  |TAMS 0x0000000093200000, 0x0000000093200000| Untracked 
| 307|0x0000000093300000, 0x0000000093300000, 0x0000000093400000|  0%| F|  |TAMS 0x0000000093300000, 0x0000000093300000| Untracked 
| 308|0x0000000093400000, 0x0000000093400000, 0x0000000093500000|  0%| F|  |TAMS 0x0000000093400000, 0x0000000093400000| Untracked 
| 309|0x0000000093500000, 0x0000000093500000, 0x0000000093600000|  0%| F|  |TAMS 0x0000000093500000, 0x0000000093500000| Untracked 
| 310|0x0000000093600000, 0x0000000093600000, 0x0000000093700000|  0%| F|  |TAMS 0x0000000093600000, 0x0000000093600000| Untracked 
| 311|0x0000000093700000, 0x0000000093700000, 0x0000000093800000|  0%| F|  |TAMS 0x0000000093700000, 0x0000000093700000| Untracked 
| 312|0x0000000093800000, 0x0000000093800000, 0x0000000093900000|  0%| F|  |TAMS 0x0000000093800000, 0x0000000093800000| Untracked 
| 313|0x0000000093900000, 0x0000000093900000, 0x0000000093a00000|  0%| F|  |TAMS 0x0000000093900000, 0x0000000093900000| Untracked 
| 314|0x0000000093a00000, 0x0000000093a00000, 0x0000000093b00000|  0%| F|  |TAMS 0x0000000093a00000, 0x0000000093a00000| Untracked 
| 315|0x0000000093b00000, 0x0000000093b00000, 0x0000000093c00000|  0%| F|  |TAMS 0x0000000093b00000, 0x0000000093b00000| Untracked 
| 316|0x0000000093c00000, 0x0000000093c00000, 0x0000000093d00000|  0%| F|  |TAMS 0x0000000093c00000, 0x0000000093c00000| Untracked 
| 317|0x0000000093d00000, 0x0000000093d00000, 0x0000000093e00000|  0%| F|  |TAMS 0x0000000093d00000, 0x0000000093d00000| Untracked 
| 318|0x0000000093e00000, 0x0000000093e00000, 0x0000000093f00000|  0%| F|  |TAMS 0x0000000093e00000, 0x0000000093e00000| Untracked 
| 319|0x0000000093f00000, 0x0000000093f00000, 0x0000000094000000|  0%| F|  |TAMS 0x0000000093f00000, 0x0000000093f00000| Untracked 
| 320|0x0000000094000000, 0x0000000094000000, 0x0000000094100000|  0%| F|  |TAMS 0x0000000094000000, 0x0000000094000000| Untracked 
| 321|0x0000000094100000, 0x0000000094100000, 0x0000000094200000|  0%| F|  |TAMS 0x0000000094100000, 0x0000000094100000| Untracked 
| 322|0x0000000094200000, 0x0000000094200000, 0x0000000094300000|  0%| F|  |TAMS 0x0000000094200000, 0x0000000094200000| Untracked 
| 323|0x0000000094300000, 0x0000000094300000, 0x0000000094400000|  0%| F|  |TAMS 0x0000000094300000, 0x0000000094300000| Untracked 
| 324|0x0000000094400000, 0x0000000094400000, 0x0000000094500000|  0%| F|  |TAMS 0x0000000094400000, 0x0000000094400000| Untracked 
| 325|0x0000000094500000, 0x0000000094500000, 0x0000000094600000|  0%| F|  |TAMS 0x0000000094500000, 0x0000000094500000| Untracked 
| 326|0x0000000094600000, 0x0000000094600000, 0x0000000094700000|  0%| F|  |TAMS 0x0000000094600000, 0x0000000094600000| Untracked 
| 327|0x0000000094700000, 0x0000000094700000, 0x0000000094800000|  0%| F|  |TAMS 0x0000000094700000, 0x0000000094700000| Untracked 
| 328|0x0000000094800000, 0x0000000094800000, 0x0000000094900000|  0%| F|  |TAMS 0x0000000094800000, 0x0000000094800000| Untracked 
| 329|0x0000000094900000, 0x0000000094900000, 0x0000000094a00000|  0%| F|  |TAMS 0x0000000094900000, 0x0000000094900000| Untracked 
| 330|0x0000000094a00000, 0x0000000094a00000, 0x0000000094b00000|  0%| F|  |TAMS 0x0000000094a00000, 0x0000000094a00000| Untracked 
| 331|0x0000000094b00000, 0x0000000094b00000, 0x0000000094c00000|  0%| F|  |TAMS 0x0000000094b00000, 0x0000000094b00000| Untracked 
| 332|0x0000000094c00000, 0x0000000094c00000, 0x0000000094d00000|  0%| F|  |TAMS 0x0000000094c00000, 0x0000000094c00000| Untracked 
| 333|0x0000000094d00000, 0x0000000094d00000, 0x0000000094e00000|  0%| F|  |TAMS 0x0000000094d00000, 0x0000000094d00000| Untracked 
| 334|0x0000000094e00000, 0x0000000094e00000, 0x0000000094f00000|  0%| F|  |TAMS 0x0000000094e00000, 0x0000000094e00000| Untracked 
| 335|0x0000000094f00000, 0x0000000094f00000, 0x0000000095000000|  0%| F|  |TAMS 0x0000000094f00000, 0x0000000094f00000| Untracked 
| 336|0x0000000095000000, 0x0000000095000000, 0x0000000095100000|  0%| F|  |TAMS 0x0000000095000000, 0x0000000095000000| Untracked 
| 337|0x0000000095100000, 0x0000000095100000, 0x0000000095200000|  0%| F|  |TAMS 0x0000000095100000, 0x0000000095100000| Untracked 
| 338|0x0000000095200000, 0x0000000095200000, 0x0000000095300000|  0%| F|  |TAMS 0x0000000095200000, 0x0000000095200000| Untracked 
| 339|0x0000000095300000, 0x0000000095300000, 0x0000000095400000|  0%| F|  |TAMS 0x0000000095300000, 0x0000000095300000| Untracked 
| 340|0x0000000095400000, 0x0000000095400000, 0x0000000095500000|  0%| F|  |TAMS 0x0000000095400000, 0x0000000095400000| Untracked 
| 341|0x0000000095500000, 0x0000000095500000, 0x0000000095600000|  0%| F|  |TAMS 0x0000000095500000, 0x0000000095500000| Untracked 
| 342|0x0000000095600000, 0x0000000095600000, 0x0000000095700000|  0%| F|  |TAMS 0x0000000095600000, 0x0000000095600000| Untracked 
| 343|0x0000000095700000, 0x0000000095700000, 0x0000000095800000|  0%| F|  |TAMS 0x0000000095700000, 0x0000000095700000| Untracked 
| 344|0x0000000095800000, 0x0000000095800000, 0x0000000095900000|  0%| F|  |TAMS 0x0000000095800000, 0x0000000095800000| Untracked 
| 345|0x0000000095900000, 0x0000000095900000, 0x0000000095a00000|  0%| F|  |TAMS 0x0000000095900000, 0x0000000095900000| Untracked 
| 346|0x0000000095a00000, 0x0000000095a00000, 0x0000000095b00000|  0%| F|  |TAMS 0x0000000095a00000, 0x0000000095a00000| Untracked 
| 347|0x0000000095b00000, 0x0000000095b00000, 0x0000000095c00000|  0%| F|  |TAMS 0x0000000095b00000, 0x0000000095b00000| Untracked 
| 348|0x0000000095c00000, 0x0000000095c00000, 0x0000000095d00000|  0%| F|  |TAMS 0x0000000095c00000, 0x0000000095c00000| Untracked 
| 349|0x0000000095d00000, 0x0000000095d00000, 0x0000000095e00000|  0%| F|  |TAMS 0x0000000095d00000, 0x0000000095d00000| Untracked 
| 350|0x0000000095e00000, 0x0000000095e00000, 0x0000000095f00000|  0%| F|  |TAMS 0x0000000095e00000, 0x0000000095e00000| Untracked 
| 351|0x0000000095f00000, 0x0000000095f00000, 0x0000000096000000|  0%| F|  |TAMS 0x0000000095f00000, 0x0000000095f00000| Untracked 
| 352|0x0000000096000000, 0x0000000096000000, 0x0000000096100000|  0%| F|  |TAMS 0x0000000096000000, 0x0000000096000000| Untracked 
| 353|0x0000000096100000, 0x0000000096100000, 0x0000000096200000|  0%| F|  |TAMS 0x0000000096100000, 0x0000000096100000| Untracked 
| 354|0x0000000096200000, 0x0000000096200000, 0x0000000096300000|  0%| F|  |TAMS 0x0000000096200000, 0x0000000096200000| Untracked 
| 355|0x0000000096300000, 0x0000000096300000, 0x0000000096400000|  0%| F|  |TAMS 0x0000000096300000, 0x0000000096300000| Untracked 
| 356|0x0000000096400000, 0x0000000096400000, 0x0000000096500000|  0%| F|  |TAMS 0x0000000096400000, 0x0000000096400000| Untracked 
| 357|0x0000000096500000, 0x0000000096500000, 0x0000000096600000|  0%| F|  |TAMS 0x0000000096500000, 0x0000000096500000| Untracked 
| 358|0x0000000096600000, 0x0000000096600000, 0x0000000096700000|  0%| F|  |TAMS 0x0000000096600000, 0x0000000096600000| Untracked 
| 359|0x0000000096700000, 0x0000000096700000, 0x0000000096800000|  0%| F|  |TAMS 0x0000000096700000, 0x0000000096700000| Untracked 
| 360|0x0000000096800000, 0x0000000096800000, 0x0000000096900000|  0%| F|  |TAMS 0x0000000096800000, 0x0000000096800000| Untracked 
| 361|0x0000000096900000, 0x0000000096900000, 0x0000000096a00000|  0%| F|  |TAMS 0x0000000096900000, 0x0000000096900000| Untracked 
| 362|0x0000000096a00000, 0x0000000096a00000, 0x0000000096b00000|  0%| F|  |TAMS 0x0000000096a00000, 0x0000000096a00000| Untracked 
| 363|0x0000000096b00000, 0x0000000096b00000, 0x0000000096c00000|  0%| F|  |TAMS 0x0000000096b00000, 0x0000000096b00000| Untracked 
| 364|0x0000000096c00000, 0x0000000096c00000, 0x0000000096d00000|  0%| F|  |TAMS 0x0000000096c00000, 0x0000000096c00000| Untracked 
| 365|0x0000000096d00000, 0x0000000096d00000, 0x0000000096e00000|  0%| F|  |TAMS 0x0000000096d00000, 0x0000000096d00000| Untracked 
| 366|0x0000000096e00000, 0x0000000096e00000, 0x0000000096f00000|  0%| F|  |TAMS 0x0000000096e00000, 0x0000000096e00000| Untracked 
| 367|0x0000000096f00000, 0x0000000096f00000, 0x0000000097000000|  0%| F|  |TAMS 0x0000000096f00000, 0x0000000096f00000| Untracked 
| 368|0x0000000097000000, 0x0000000097000000, 0x0000000097100000|  0%| F|  |TAMS 0x0000000097000000, 0x0000000097000000| Untracked 
| 369|0x0000000097100000, 0x0000000097100000, 0x0000000097200000|  0%| F|  |TAMS 0x0000000097100000, 0x0000000097100000| Untracked 
| 370|0x0000000097200000, 0x0000000097200000, 0x0000000097300000|  0%| F|  |TAMS 0x0000000097200000, 0x0000000097200000| Untracked 
| 371|0x0000000097300000, 0x0000000097300000, 0x0000000097400000|  0%| F|  |TAMS 0x0000000097300000, 0x0000000097300000| Untracked 
| 372|0x0000000097400000, 0x0000000097400000, 0x0000000097500000|  0%| F|  |TAMS 0x0000000097400000, 0x0000000097400000| Untracked 
| 373|0x0000000097500000, 0x0000000097500000, 0x0000000097600000|  0%| F|  |TAMS 0x0000000097500000, 0x0000000097500000| Untracked 
| 374|0x0000000097600000, 0x0000000097600000, 0x0000000097700000|  0%| F|  |TAMS 0x0000000097600000, 0x0000000097600000| Untracked 
| 375|0x0000000097700000, 0x0000000097700000, 0x0000000097800000|  0%| F|  |TAMS 0x0000000097700000, 0x0000000097700000| Untracked 
| 376|0x0000000097800000, 0x0000000097800000, 0x0000000097900000|  0%| F|  |TAMS 0x0000000097800000, 0x0000000097800000| Untracked 
| 377|0x0000000097900000, 0x0000000097900000, 0x0000000097a00000|  0%| F|  |TAMS 0x0000000097900000, 0x0000000097900000| Untracked 
| 378|0x0000000097a00000, 0x0000000097a00000, 0x0000000097b00000|  0%| F|  |TAMS 0x0000000097a00000, 0x0000000097a00000| Untracked 
| 379|0x0000000097b00000, 0x0000000097b00000, 0x0000000097c00000|  0%| F|  |TAMS 0x0000000097b00000, 0x0000000097b00000| Untracked 
| 380|0x0000000097c00000, 0x0000000097c00000, 0x0000000097d00000|  0%| F|  |TAMS 0x0000000097c00000, 0x0000000097c00000| Untracked 
| 381|0x0000000097d00000, 0x0000000097d00000, 0x0000000097e00000|  0%| F|  |TAMS 0x0000000097d00000, 0x0000000097d00000| Untracked 
| 382|0x0000000097e00000, 0x0000000097e00000, 0x0000000097f00000|  0%| F|  |TAMS 0x0000000097e00000, 0x0000000097e00000| Untracked 
| 383|0x0000000097f00000, 0x0000000097f00000, 0x0000000098000000|  0%| F|  |TAMS 0x0000000097f00000, 0x0000000097f00000| Untracked 
| 384|0x0000000098000000, 0x0000000098000000, 0x0000000098100000|  0%| F|  |TAMS 0x0000000098000000, 0x0000000098000000| Untracked 
| 385|0x0000000098100000, 0x0000000098100000, 0x0000000098200000|  0%| F|  |TAMS 0x0000000098100000, 0x0000000098100000| Untracked 
| 386|0x0000000098200000, 0x0000000098200000, 0x0000000098300000|  0%| F|  |TAMS 0x0000000098200000, 0x0000000098200000| Untracked 
| 387|0x0000000098300000, 0x0000000098300000, 0x0000000098400000|  0%| F|  |TAMS 0x0000000098300000, 0x0000000098300000| Untracked 
| 388|0x0000000098400000, 0x0000000098400000, 0x0000000098500000|  0%| F|  |TAMS 0x0000000098400000, 0x0000000098400000| Untracked 
| 389|0x0000000098500000, 0x0000000098500000, 0x0000000098600000|  0%| F|  |TAMS 0x0000000098500000, 0x0000000098500000| Untracked 
| 390|0x0000000098600000, 0x0000000098600000, 0x0000000098700000|  0%| F|  |TAMS 0x0000000098600000, 0x0000000098600000| Untracked 
| 391|0x0000000098700000, 0x0000000098700000, 0x0000000098800000|  0%| F|  |TAMS 0x0000000098700000, 0x0000000098700000| Untracked 
| 392|0x0000000098800000, 0x0000000098800000, 0x0000000098900000|  0%| F|  |TAMS 0x0000000098800000, 0x0000000098800000| Untracked 
| 393|0x0000000098900000, 0x0000000098900000, 0x0000000098a00000|  0%| F|  |TAMS 0x0000000098900000, 0x0000000098900000| Untracked 
| 394|0x0000000098a00000, 0x0000000098a00000, 0x0000000098b00000|  0%| F|  |TAMS 0x0000000098a00000, 0x0000000098a00000| Untracked 
| 395|0x0000000098b00000, 0x0000000098b00000, 0x0000000098c00000|  0%| F|  |TAMS 0x0000000098b00000, 0x0000000098b00000| Untracked 
| 396|0x0000000098c00000, 0x0000000098c00000, 0x0000000098d00000|  0%| F|  |TAMS 0x0000000098c00000, 0x0000000098c00000| Untracked 
| 397|0x0000000098d00000, 0x0000000098d00000, 0x0000000098e00000|  0%| F|  |TAMS 0x0000000098d00000, 0x0000000098d00000| Untracked 
| 398|0x0000000098e00000, 0x0000000098e00000, 0x0000000098f00000|  0%| F|  |TAMS 0x0000000098e00000, 0x0000000098e00000| Untracked 
| 399|0x0000000098f00000, 0x0000000098f00000, 0x0000000099000000|  0%| F|  |TAMS 0x0000000098f00000, 0x0000000098f00000| Untracked 
| 400|0x0000000099000000, 0x0000000099000000, 0x0000000099100000|  0%| F|  |TAMS 0x0000000099000000, 0x0000000099000000| Untracked 
| 401|0x0000000099100000, 0x0000000099100000, 0x0000000099200000|  0%| F|  |TAMS 0x0000000099100000, 0x0000000099100000| Untracked 
| 402|0x0000000099200000, 0x0000000099200000, 0x0000000099300000|  0%| F|  |TAMS 0x0000000099200000, 0x0000000099200000| Untracked 
| 403|0x0000000099300000, 0x0000000099300000, 0x0000000099400000|  0%| F|  |TAMS 0x0000000099300000, 0x0000000099300000| Untracked 
| 404|0x0000000099400000, 0x0000000099400000, 0x0000000099500000|  0%| F|  |TAMS 0x0000000099400000, 0x0000000099400000| Untracked 
| 405|0x0000000099500000, 0x0000000099500000, 0x0000000099600000|  0%| F|  |TAMS 0x0000000099500000, 0x0000000099500000| Untracked 
| 406|0x0000000099600000, 0x0000000099600000, 0x0000000099700000|  0%| F|  |TAMS 0x0000000099600000, 0x0000000099600000| Untracked 
| 407|0x0000000099700000, 0x0000000099700000, 0x0000000099800000|  0%| F|  |TAMS 0x0000000099700000, 0x0000000099700000| Untracked 
| 408|0x0000000099800000, 0x0000000099800000, 0x0000000099900000|  0%| F|  |TAMS 0x0000000099800000, 0x0000000099800000| Untracked 
| 409|0x0000000099900000, 0x0000000099900000, 0x0000000099a00000|  0%| F|  |TAMS 0x0000000099900000, 0x0000000099900000| Untracked 

Card table byte_map: [0x00000243ae670000,0x00000243aea70000] _byte_map_base: 0x00000243ae270000

Marking Bits (Prev, Next): (CMBitMap*) 0x00000243971fc310, (CMBitMap*) 0x00000243971fc2d0
 Prev Bits: [0x00000243b0e70000, 0x00000243b2e70000)
 Next Bits: [0x00000243aee70000, 0x00000243b0e70000)

Polling page: 0x0000024394fe0000

Metaspace:

Usage:
  Non-class:     55.91 MB used.
      Class:      8.59 MB used.
       Both:     64.49 MB used.

Virtual space:
  Non-class space:       64.00 MB reserved,      56.19 MB ( 88%) committed,  1 nodes.
      Class space:        1.00 GB reserved,       8.88 MB ( <1%) committed,  1 nodes.
             Both:        1.06 GB reserved,      65.06 MB (  6%) committed. 

Chunk freelists:
   Non-Class:  7.70 MB
       Class:  7.07 MB
        Both:  14.77 MB

MaxMetaspaceSize: unlimited
CompressedClassSpaceSize: 1.00 GB
Initial GC threshold: 21.00 MB
Current GC threshold: 104.69 MB
CDS: on
MetaspaceReclaimPolicy: balanced
 - commit_granule_bytes: 65536.
 - commit_granule_words: 8192.
 - virtual_space_node_default_size: 8388608.
 - enlarge_chunks_in_place: 1.
 - new_chunks_are_fully_committed: 0.
 - uncommit_free_chunks: 1.
 - use_allocation_guard: 0.
 - handle_deallocations: 1.


Internal statistics:

num_allocs_failed_limit: 6.
num_arena_births: 818.
num_arena_deaths: 20.
num_vsnodes_births: 2.
num_vsnodes_deaths: 0.
num_space_committed: 1041.
num_space_uncommitted: 0.
num_chunks_returned_to_freelist: 52.
num_chunks_taken_from_freelist: 3394.
num_chunk_merges: 9.
num_chunk_splits: 2136.
num_chunks_enlarged: 1388.
num_inconsistent_stats: 0.

CodeHeap 'non-profiled nmethods': size=120000Kb used=6403Kb max_used=6757Kb free=113596Kb
 bounds [0x00000243a67e0000, 0x00000243a6e90000, 0x00000243add10000]
CodeHeap 'profiled nmethods': size=120000Kb used=19650Kb max_used=21021Kb free=100349Kb
 bounds [0x000002439ed10000, 0x00000243a01b0000, 0x00000243a6240000]
CodeHeap 'non-nmethods': size=5760Kb used=2391Kb max_used=2463Kb free=3368Kb
 bounds [0x00000243a6240000, 0x00000243a64b0000, 0x00000243a67e0000]
 total_blobs=11600 nmethods=10683 adapters=828
 compilation: enabled
              stopped_count=0, restarted_count=0
 full_count=0

Compilation events (20 events):
Event: 98.153 Thread 0x00000243b5b1d1e0 13524       2       com.google.common.collect.Iterators::peekingIterator (23 bytes)
Event: 98.153 Thread 0x00000243b5b1d1e0 nmethod 13524 0x000002439fe5ad90 code [0x000002439fe5af60, 0x000002439fe5b2c8]
Event: 98.153 Thread 0x00000243b5b1d1e0 13526       2       java.util.Formatter$FormatSpecifier::printInteger (131 bytes)
Event: 98.154 Thread 0x00000243b5b1d1e0 nmethod 13526 0x00000243a0085210 code [0x00000243a0085460, 0x00000243a0085a48]
Event: 98.154 Thread 0x00000243b5b1d1e0 13525       2       com.google.common.collect.Iterators$PeekingImpl::<init> (16 bytes)
Event: 98.155 Thread 0x00000243b5b1d1e0 nmethod 13525 0x000002439fdf4790 code [0x000002439fdf4940, 0x000002439fdf4bc8]
Event: 98.162 Thread 0x00000243b5b1d1e0 13527       3       org.objectweb.asm.MethodWriter::visitAnnotableParameterCount (18 bytes)
Event: 98.162 Thread 0x00000243b5b1d1e0 nmethod 13527 0x000002439fe5a910 code [0x000002439fe5aac0, 0x000002439fe5ac38]
Event: 98.179 Thread 0x00000243b5b1d1e0 13528       2       org.gradle.internal.classpath.transforms.LambdaSerializationTransformer::generateSplitLambdaDeserializeMethod (33 bytes)
Event: 98.180 Thread 0x00000243b5b1d1e0 nmethod 13528 0x000002439fdf4190 code [0x000002439fdf4360, 0x000002439fdf45e8]
Event: 98.180 Thread 0x00000243b5b1d1e0 13529       2       org.gradle.internal.classpath.transforms.LambdaSerializationTransformer::visitStaticPrivateMethod (14 bytes)
Event: 98.180 Thread 0x00000243b5b1d1e0 nmethod 13529 0x000002439fc40310 code [0x000002439fc404c0, 0x000002439fc40608]
Event: 98.182 Thread 0x00000243b5b1d1e0 13530       3       org.objectweb.asm.AnnotationWriter::visitArray (62 bytes)
Event: 98.182 Thread 0x00000243b5b1d1e0 nmethod 13530 0x000002439fe2c690 code [0x000002439fe2c860, 0x000002439fe2cb38]
Event: 98.242 Thread 0x00000243b5b1d1e0 13535       3       org.gradle.model.internal.asm.MethodVisitorScope::_IFEQ (9 bytes)
Event: 98.243 Thread 0x00000243b5b1d1e0 nmethod 13535 0x000002439fe2c110 code [0x000002439fe2c2c0, 0x000002439fe2c528]
Event: 98.273 Thread 0x00000243b5b1d1e0 13536   !   3       org.gradle.internal.classpath.ClasspathWalker::visitJarContents (107 bytes)
Event: 98.275 Thread 0x00000243b5b1d1e0 nmethod 13536 0x000002439f3cec90 code [0x000002439f3cef60, 0x000002439f3d0018]
Event: 98.366 Thread 0x00000243b5b1d1e0 13539       3       org.objectweb.asm.commons.CodeSizeEvaluator::visitJumpInsn (55 bytes)
Event: 98.367 Thread 0x00000243b5b1d1e0 nmethod 13539 0x000002439fe84290 code [0x000002439fe84440, 0x000002439fe84748]

GC Heap History (20 events):
Event: 76.561 GC heap after
{Heap after GC invocations=36 (full 0):
 garbage-first heap   total 147456K, used 69334K [0x0000000080000000, 0x0000000100000000)
  region size 1024K, 1 young (1024K), 1 survivors (1024K)
 Metaspace       used 63700K, committed 64320K, reserved 1114112K
  class space    used 8527K, committed 8832K, reserved 1048576K
}
Event: 79.862 GC heap before
{Heap before GC invocations=36 (full 0):
 garbage-first heap   total 147456K, used 123606K [0x0000000080000000, 0x0000000100000000)
  region size 1024K, 54 young (55296K), 1 survivors (1024K)
 Metaspace       used 63700K, committed 64320K, reserved 1114112K
  class space    used 8527K, committed 8832K, reserved 1048576K
}
Event: 79.868 GC heap after
{Heap after GC invocations=37 (full 0):
 garbage-first heap   total 147456K, used 69117K [0x0000000080000000, 0x0000000100000000)
  region size 1024K, 1 young (1024K), 1 survivors (1024K)
 Metaspace       used 63700K, committed 64320K, reserved 1114112K
  class space    used 8527K, committed 8832K, reserved 1048576K
}
Event: 83.848 GC heap before
{Heap before GC invocations=38 (full 0):
 garbage-first heap   total 147456K, used 126461K [0x0000000080000000, 0x0000000100000000)
  region size 1024K, 56 young (57344K), 1 survivors (1024K)
 Metaspace       used 64237K, committed 64896K, reserved 1114112K
  class space    used 8634K, committed 8960K, reserved 1048576K
}
Event: 83.852 GC heap after
{Heap after GC invocations=39 (full 0):
 garbage-first heap   total 147456K, used 72351K [0x0000000080000000, 0x0000000100000000)
  region size 1024K, 2 young (2048K), 2 survivors (2048K)
 Metaspace       used 64237K, committed 64896K, reserved 1114112K
  class space    used 8634K, committed 8960K, reserved 1048576K
}
Event: 83.862 GC heap before
{Heap before GC invocations=39 (full 0):
 garbage-first heap   total 147456K, used 76447K [0x0000000080000000, 0x0000000100000000)
  region size 1024K, 7 young (7168K), 2 survivors (2048K)
 Metaspace       used 64256K, committed 64896K, reserved 1114112K
  class space    used 8635K, committed 8960K, reserved 1048576K
}
Event: 83.877 GC heap after
{Heap after GC invocations=40 (full 0):
 garbage-first heap   total 147456K, used 72275K [0x0000000080000000, 0x0000000100000000)
  region size 1024K, 1 young (1024K), 1 survivors (1024K)
 Metaspace       used 64256K, committed 64896K, reserved 1114112K
  class space    used 8635K, committed 8960K, reserved 1048576K
}
Event: 83.994 GC heap before
{Heap before GC invocations=40 (full 0):
 garbage-first heap   total 147456K, used 124499K [0x0000000080000000, 0x0000000100000000)
  region size 1024K, 52 young (53248K), 1 survivors (1024K)
 Metaspace       used 64428K, committed 65152K, reserved 1114112K
  class space    used 8668K, committed 9024K, reserved 1048576K
}
Event: 83.998 GC heap after
{Heap after GC invocations=41 (full 0):
 garbage-first heap   total 419840K, used 75362K [0x0000000080000000, 0x0000000100000000)
  region size 1024K, 3 young (3072K), 3 survivors (3072K)
 Metaspace       used 64428K, committed 65152K, reserved 1114112K
  class space    used 8668K, committed 9024K, reserved 1048576K
}
Event: 85.032 GC heap before
{Heap before GC invocations=41 (full 0):
 garbage-first heap   total 419840K, used 325218K [0x0000000080000000, 0x0000000100000000)
  region size 1024K, 246 young (251904K), 3 survivors (3072K)
 Metaspace       used 64648K, committed 65280K, reserved 1114112K
  class space    used 8669K, committed 9024K, reserved 1048576K
}
Event: 85.279 GC heap after
{Heap after GC invocations=42 (full 0):
 garbage-first heap   total 419840K, used 82956K [0x0000000080000000, 0x0000000100000000)
  region size 1024K, 10 young (10240K), 10 survivors (10240K)
 Metaspace       used 64648K, committed 65280K, reserved 1114112K
  class space    used 8669K, committed 9024K, reserved 1048576K
}
Event: 86.673 GC heap before
{Heap before GC invocations=42 (full 0):
 garbage-first heap   total 419840K, used 324620K [0x0000000080000000, 0x0000000100000000)
  region size 1024K, 246 young (251904K), 10 survivors (10240K)
 Metaspace       used 64742K, committed 65408K, reserved 1114112K
  class space    used 8669K, committed 9024K, reserved 1048576K
}
Event: 86.703 GC heap after
{Heap after GC invocations=43 (full 0):
 garbage-first heap   total 419840K, used 89911K [0x0000000080000000, 0x0000000100000000)
  region size 1024K, 16 young (16384K), 16 survivors (16384K)
 Metaspace       used 64742K, committed 65408K, reserved 1114112K
  class space    used 8669K, committed 9024K, reserved 1048576K
}
Event: 93.520 GC heap before
{Heap before GC invocations=43 (full 0):
 garbage-first heap   total 419840K, used 324407K [0x0000000080000000, 0x0000000100000000)
  region size 1024K, 246 young (251904K), 16 survivors (16384K)
 Metaspace       used 65090K, committed 65792K, reserved 1114112K
  class space    used 8701K, committed 9024K, reserved 1048576K
}
Event: 93.561 GC heap after
{Heap after GC invocations=44 (full 0):
 garbage-first heap   total 419840K, used 98339K [0x0000000080000000, 0x0000000100000000)
  region size 1024K, 28 young (28672K), 28 survivors (28672K)
 Metaspace       used 65090K, committed 65792K, reserved 1114112K
  class space    used 8701K, committed 9024K, reserved 1048576K
}
Event: 96.703 GC heap before
{Heap before GC invocations=44 (full 0):
 garbage-first heap   total 419840K, used 323619K [0x0000000080000000, 0x0000000100000000)
  region size 1024K, 246 young (251904K), 28 survivors (28672K)
 Metaspace       used 65976K, committed 66624K, reserved 1114112K
  class space    used 8795K, committed 9088K, reserved 1048576K
}
Event: 97.104 GC heap after
{Heap after GC invocations=45 (full 0):
 garbage-first heap   total 419840K, used 116871K [0x0000000080000000, 0x0000000100000000)
  region size 1024K, 29 young (29696K), 29 survivors (29696K)
 Metaspace       used 65976K, committed 66624K, reserved 1114112K
  class space    used 8795K, committed 9088K, reserved 1048576K
}
Event: 97.123 GC heap before
{Heap before GC invocations=45 (full 0):
 garbage-first heap   total 419840K, used 117895K [0x0000000080000000, 0x0000000100000000)
  region size 1024K, 30 young (30720K), 29 survivors (29696K)
 Metaspace       used 65976K, committed 66624K, reserved 1114112K
  class space    used 8795K, committed 9088K, reserved 1048576K
}
Event: 97.237 GC heap after
{Heap after GC invocations=46 (full 0):
 garbage-first heap   total 419840K, used 119621K [0x0000000080000000, 0x0000000100000000)
  region size 1024K, 4 young (4096K), 4 survivors (4096K)
 Metaspace       used 65976K, committed 66624K, reserved 1114112K
  class space    used 8795K, committed 9088K, reserved 1048576K
}
Event: 98.389 GC heap before
{Heap before GC invocations=46 (full 0):
 garbage-first heap   total 419840K, used 326469K [0x0000000080000000, 0x0000000100000000)
  region size 1024K, 207 young (211968K), 4 survivors (4096K)
 Metaspace       used 66042K, committed 66624K, reserved 1114112K
  class space    used 8795K, committed 9088K, reserved 1048576K
}

Dll operation events (15 events):
Event: 0.024 Loaded shared library C:\Program Files\Microsoft\jdk-17.0.18.8-hotspot\bin\java.dll
Event: 0.065 Loaded shared library C:\Program Files\Microsoft\jdk-17.0.18.8-hotspot\bin\jsvml.dll
Event: 0.111 Loaded shared library C:\Program Files\Microsoft\jdk-17.0.18.8-hotspot\bin\zip.dll
Event: 0.115 Loaded shared library C:\Program Files\Microsoft\jdk-17.0.18.8-hotspot\bin\instrument.dll
Event: 0.120 Loaded shared library C:\Program Files\Microsoft\jdk-17.0.18.8-hotspot\bin\net.dll
Event: 0.123 Loaded shared library C:\Program Files\Microsoft\jdk-17.0.18.8-hotspot\bin\nio.dll
Event: 0.126 Loaded shared library C:\Program Files\Microsoft\jdk-17.0.18.8-hotspot\bin\zip.dll
Event: 0.652 Loaded shared library C:\Program Files\Microsoft\jdk-17.0.18.8-hotspot\bin\jimage.dll
Event: 2.097 Loaded shared library C:\Program Files\Microsoft\jdk-17.0.18.8-hotspot\bin\verify.dll
Event: 2.402 Loaded shared library C:\Users\rafel\.gradle\native\c067742578af261105cb4f569cf0c3c89f3d7b1fecec35dd04571415982c5e48\windows-amd64\native-platform.dll
Event: 2.922 Loaded shared library C:\Users\rafel\.gradle\native\100fb08df4bc3b14c8652ba06237920a3bd2aa13389f12d3474272988ae205f9\windows-amd64\native-platform-file-events.dll
Event: 4.349 Loaded shared library C:\Program Files\Microsoft\jdk-17.0.18.8-hotspot\bin\management.dll
Event: 4.366 Loaded shared library C:\Program Files\Microsoft\jdk-17.0.18.8-hotspot\bin\management_ext.dll
Event: 5.030 Loaded shared library C:\Program Files\Microsoft\jdk-17.0.18.8-hotspot\bin\extnet.dll
Event: 5.641 Loaded shared library C:\Program Files\Microsoft\jdk-17.0.18.8-hotspot\bin\sunmscapi.dll

Deoptimization events (20 events):
Event: 96.361 Thread 0x00000243fe8187c0 Uncommon trap: trap_request=0xffffff45 fr.pc=0x00000243a68a5194 relative=0x0000000000000274
Event: 96.361 Thread 0x00000243fe8187c0 Uncommon trap: reason=unstable_if action=reinterpret pc=0x00000243a68a5194 method=java.io.BufferedOutputStream.write([BII)V @ 6 c2
Event: 96.361 Thread 0x00000243fe8187c0 DEOPT PACKING pc=0x00000243a68a5194 sp=0x000000667c7fabb0
Event: 96.361 Thread 0x00000243fe8187c0 DEOPT UNPACKING pc=0x00000243a62969a3 sp=0x000000667c7fab58 mode 2
Event: 96.522 Thread 0x00000243fcab14c0 DEOPT PACKING pc=0x000002439f934d54 sp=0x000000667c0fae60
Event: 96.522 Thread 0x00000243fcab14c0 DEOPT UNPACKING pc=0x00000243a6297143 sp=0x000000667c0fa410 mode 0
Event: 97.263 Thread 0x00000243fe818cd0 DEOPT PACKING pc=0x00000243a019344f sp=0x000000667c5fa670
Event: 97.263 Thread 0x00000243fe818cd0 DEOPT UNPACKING pc=0x00000243a6297143 sp=0x000000667c5f9cc0 mode 0
Event: 97.270 Thread 0x00000243fe81ba60 DEOPT PACKING pc=0x000002439ef82561 sp=0x000000667c8faa90
Event: 97.270 Thread 0x00000243fe81ba60 DEOPT UNPACKING pc=0x00000243a6297143 sp=0x000000667c8fa010 mode 0
Event: 97.393 Thread 0x00000243fe81c480 DEOPT PACKING pc=0x000002439f841cec sp=0x000000667c9fac20
Event: 97.393 Thread 0x00000243fe81c480 DEOPT UNPACKING pc=0x00000243a6297143 sp=0x000000667c9fa090 mode 0
Event: 97.782 Thread 0x00000243fcab14c0 Uncommon trap: trap_request=0xffffff45 fr.pc=0x00000243a6d9bf54 relative=0x0000000000000a94
Event: 97.782 Thread 0x00000243fcab14c0 Uncommon trap: reason=unstable_if action=reinterpret pc=0x00000243a6d9bf54 method=org.objectweb.asm.MethodWriter.visitLabel(Lorg/objectweb/asm/Label;)V @ 242 c2
Event: 97.782 Thread 0x00000243fcab14c0 DEOPT PACKING pc=0x00000243a6d9bf54 sp=0x000000667c0fa430
Event: 97.782 Thread 0x00000243fcab14c0 DEOPT UNPACKING pc=0x00000243a62969a3 sp=0x000000667c0fa418 mode 2
Event: 97.782 Thread 0x00000243fcab14c0 Uncommon trap: trap_request=0xffffff45 fr.pc=0x00000243a6bea930 relative=0x0000000000000150
Event: 97.782 Thread 0x00000243fcab14c0 Uncommon trap: reason=unstable_if action=reinterpret pc=0x00000243a6bea930 method=org.objectweb.asm.MethodWriter.endCurrentBasicBlockWithNoSuccessor()V @ 77 c2
Event: 97.782 Thread 0x00000243fcab14c0 DEOPT PACKING pc=0x00000243a6bea930 sp=0x000000667c0fa5e0
Event: 97.785 Thread 0x00000243fcab14c0 DEOPT UNPACKING pc=0x00000243a62969a3 sp=0x000000667c0fa548 mode 2

Classes loaded (20 events):
Event: 57.334 Loading class jdk/internal/misc/ScopedMemoryAccess$Scope$Handle
Event: 57.334 Loading class jdk/internal/misc/ScopedMemoryAccess$Scope$Handle done
Event: 65.998 Loading class sun/security/ssl/Alert
Event: 66.000 Loading class sun/security/ssl/Alert done
Event: 66.000 Loading class sun/security/ssl/Alert$AlertConsumer
Event: 66.003 Loading class sun/security/ssl/Alert$AlertConsumer done
Event: 66.003 Loading class sun/security/ssl/Alert$Level
Event: 66.003 Loading class sun/security/ssl/Alert$Level done
Event: 83.632 Loading class sun/reflect/ReflectionFactory
Event: 83.640 Loading class sun/reflect/ReflectionFactory done
Event: 83.642 Loading class sun/reflect/ReflectionFactory$1
Event: 83.643 Loading class sun/reflect/ReflectionFactory$1 done
Event: 83.808 Loading class java/util/zip/ZipInputStream
Event: 83.810 Loading class java/util/zip/ZipInputStream done
Event: 95.617 Loading class java/util/Collections$UnmodifiableSortedMap
Event: 95.619 Loading class java/util/Collections$UnmodifiableSortedMap done
Event: 95.696 Loading class java/util/zip/Deflater
Event: 95.698 Loading class java/util/zip/Deflater done
Event: 95.706 Loading class java/util/zip/Deflater$DeflaterZStreamRef
Event: 95.707 Loading class java/util/zip/Deflater$DeflaterZStreamRef done

Classes unloaded (20 events):
Event: 26.866 Thread 0x00000243b57b9950 Unloading class 0x00000243b7653000 '_BuildScript_'
Event: 26.866 Thread 0x00000243b57b9950 Unloading class 0x00000243b7650fa0 '_BuildScript_$_run_closure1$_closure2$_closure4$_closure5'
Event: 26.866 Thread 0x00000243b57b9950 Unloading class 0x00000243b7650bb8 '_BuildScript_$_run_closure1$_closure2$_closure4'
Event: 26.866 Thread 0x00000243b57b9950 Unloading class 0x00000243b76507d0 '_BuildScript_$_run_closure1$_closure2$_closure3'
Event: 26.866 Thread 0x00000243b57b9950 Unloading class 0x00000243b76503e8 '_BuildScript_$_run_closure1$_closure2'
Event: 26.866 Thread 0x00000243b57b9950 Unloading class 0x00000243b7650000 '_BuildScript_$_run_closure1'
Event: 26.866 Thread 0x00000243b57b9950 Unloading class 0x00000243b764d800 '_BuildScript_'
Event: 26.866 Thread 0x00000243b57b9950 Unloading class 0x00000243b764a3e8 '_BuildScript_$_run_closure1$_closure2$_closure3$_closure4'
Event: 26.866 Thread 0x00000243b57b9950 Unloading class 0x00000243b764a000 '_BuildScript_$_run_closure1$_closure2$_closure3'
Event: 26.866 Thread 0x00000243b57b9950 Unloading class 0x00000243b75ac3e8 '_BuildScript_$_run_closure1$_closure2'
Event: 26.866 Thread 0x00000243b57b9950 Unloading class 0x00000243b75ac000 '_BuildScript_$_run_closure1'
Event: 26.866 Thread 0x00000243b57b9950 Unloading class 0x00000243b75a4000 '_BuildScript_'
Event: 65.830 Thread 0x00000243b57b9950 Unloading class 0x00000243b771c538 '_BuildScript_$_run_closure1'
Event: 65.830 Thread 0x00000243b57b9950 Unloading class 0x00000243b771c000 '_BuildScript_'
Event: 65.830 Thread 0x00000243b57b9950 Unloading class 0x00000243b76ad000 '_BuildScript_$_run_closure1$_closure2'
Event: 65.830 Thread 0x00000243b57b9950 Unloading class 0x00000243b76ac400 '_BuildScript_$_run_closure1'
Event: 65.830 Thread 0x00000243b57b9950 Unloading class 0x00000243b76ac800 '_BuildScript_'
Event: 65.831 Thread 0x00000243b57b9950 Unloading class 0x00000243b7694918 '_BuildScript_$_run_closure1$_closure2'
Event: 65.831 Thread 0x00000243b57b9950 Unloading class 0x00000243b7694530 '_BuildScript_$_run_closure1'
Event: 65.831 Thread 0x00000243b57b9950 Unloading class 0x00000243b7694000 '_BuildScript_'

Classes redefined (0 events):
No events

Internal exceptions (20 events):
Event: 31.234 Thread 0x00000243fbd88ba0 Exception <a 'java/lang/NoSuchMethodError'{0x000000008678f798}: 'java.lang.Object java.lang.invoke.DirectMethodHandle$Holder.invokeSpecial(java.lang.Object, java.lang.Object, long, java.lang.Object, java.lang.Object)'> (0x000000008678f798) 
thrown [s\src\hotspot\share\interpreter\linkResolver.cpp, line 759]
Event: 31.899 Thread 0x00000243fbd88ba0 Exception <a 'java/lang/NoSuchMethodError'{0x00000000863801f8}: 'int java.lang.invoke.DirectMethodHandle$Holder.invokeSpecialIFC(java.lang.Object, java.lang.Object, java.lang.Object)'> (0x00000000863801f8) 
thrown [s\src\hotspot\share\interpreter\linkResolver.cpp, line 759]
Event: 83.704 Thread 0x00000243fbd88ba0 Implicit null exception at 0x00000243a6cf6378 to 0x00000243a6cf73e4
Event: 83.755 Thread 0x00000243fbd88ba0 Implicit null exception at 0x00000243a6cf0c0b to 0x00000243a6cf0cac
Event: 89.429 Thread 0x00000243fcab0590 Implicit null exception at 0x00000243a6df5a5d to 0x00000243a6df5afc
Event: 92.617 Thread 0x00000243fbd88ba0 Exception <a 'java/lang/NoSuchMethodError'{0x000000008d6de588}: 'java.lang.Object java.lang.invoke.DirectMethodHandle$Holder.invokeSpecialIFC(java.lang.Object, java.lang.Object, java.lang.Object)'> (0x000000008d6de588) 
thrown [s\src\hotspot\share\interpreter\linkResolver.cpp, line 759]
Event: 95.505 Thread 0x00000243fe81bf70 Exception <a 'sun/nio/fs/WindowsException'{0x0000000096137e48}> (0x0000000096137e48) 
thrown [s\src\hotspot\share\prims\jni.cpp, line 516]
Event: 95.505 Thread 0x00000243fe81ba60 Exception <a 'sun/nio/fs/WindowsException'{0x000000009639af00}> (0x000000009639af00) 
thrown [s\src\hotspot\share\prims\jni.cpp, line 516]
Event: 95.505 Thread 0x00000243fcab14c0 Exception <a 'sun/nio/fs/WindowsException'{0x000000009647b508}> (0x000000009647b508) 
thrown [s\src\hotspot\share\prims\jni.cpp, line 516]
Event: 95.505 Thread 0x00000243fcab1ee0 Exception <a 'sun/nio/fs/WindowsException'{0x0000000096492b48}> (0x0000000096492b48) 
thrown [s\src\hotspot\share\prims\jni.cpp, line 516]
Event: 95.505 Thread 0x00000243fe818cd0 Exception <a 'sun/nio/fs/WindowsException'{0x00000000963d4c50}> (0x00000000963d4c50) 
thrown [s\src\hotspot\share\prims\jni.cpp, line 516]
Event: 95.532 Thread 0x00000243fe81a620 Exception <a 'sun/nio/fs/WindowsException'{0x000000009630bdd0}> (0x000000009630bdd0) 
thrown [s\src\hotspot\share\prims\jni.cpp, line 516]
Event: 95.532 Thread 0x00000243fcab19d0 Exception <a 'sun/nio/fs/WindowsException'{0x0000000096689878}> (0x0000000096689878) 
thrown [s\src\hotspot\share\prims\jni.cpp, line 516]
Event: 95.540 Thread 0x00000243fe1ad8d0 Exception <a 'sun/nio/fs/WindowsException'{0x00000000963aeb00}> (0x00000000963aeb00) 
thrown [s\src\hotspot\share\prims\jni.cpp, line 516]
Event: 95.581 Thread 0x00000243fe8187c0 Exception <a 'sun/nio/fs/WindowsException'{0x00000000960dd068}> (0x00000000960dd068) 
thrown [s\src\hotspot\share\prims\jni.cpp, line 516]
Event: 95.582 Thread 0x00000243fbd88ba0 Exception <a 'sun/nio/fs/WindowsException'{0x0000000096249928}> (0x0000000096249928) 
thrown [s\src\hotspot\share\prims\jni.cpp, line 516]
Event: 95.585 Thread 0x00000243fcaad800 Exception <a 'sun/nio/fs/WindowsException'{0x00000000960b7888}> (0x00000000960b7888) 
thrown [s\src\hotspot\share\prims\jni.cpp, line 516]
Event: 95.585 Thread 0x00000243fe81c480 Exception <a 'sun/nio/fs/WindowsException'{0x000000009610cfa0}> (0x000000009610cfa0) 
thrown [s\src\hotspot\share\prims\jni.cpp, line 516]
Event: 96.387 Thread 0x00000243fcab1ee0 Exception <a 'sun/nio/fs/WindowsException'{0x0000000090c65490}> (0x0000000090c65490) 
thrown [s\src\hotspot\share\prims\jni.cpp, line 516]
Event: 96.506 Thread 0x00000243fe81ba60 Exception <a 'sun/nio/fs/WindowsException'{0x00000000900d9dd0}> (0x00000000900d9dd0) 
thrown [s\src\hotspot\share\prims\jni.cpp, line 516]

VM Operations (20 events):
Event: 95.988 Executing VM operation: HandshakeAllThreads done
Event: 96.011 Executing VM operation: HandshakeAllThreads
Event: 96.016 Executing VM operation: HandshakeAllThreads done
Event: 96.084 Executing VM operation: ICBufferFull
Event: 96.085 Executing VM operation: ICBufferFull done
Event: 96.085 Executing VM operation: ICBufferFull
Event: 96.085 Executing VM operation: ICBufferFull done
Event: 96.085 Executing VM operation: ICBufferFull
Event: 96.086 Executing VM operation: ICBufferFull done
Event: 96.119 Executing VM operation: HandshakeAllThreads
Event: 96.141 Executing VM operation: HandshakeAllThreads done
Event: 96.316 Executing VM operation: HandshakeAllThreads
Event: 96.340 Executing VM operation: HandshakeAllThreads done
Event: 96.702 Executing VM operation: G1CollectForAllocation
Event: 97.104 Executing VM operation: G1CollectForAllocation done
Event: 97.108 Executing VM operation: G1CollectForAllocation
Event: 97.237 Executing VM operation: G1CollectForAllocation done
Event: 98.245 Executing VM operation: Cleanup
Event: 98.245 Executing VM operation: Cleanup done
Event: 98.389 Executing VM operation: G1CollectForAllocation

Memory protections (0 events):
No events

Nmethod flushes (20 events):
Event: 96.387 Thread 0x00000243b5b1f710 flushing  nmethod 0x00000243a0080f10
Event: 96.387 Thread 0x00000243b5b1f710 flushing  nmethod 0x00000243a0081310
Event: 96.387 Thread 0x00000243b5b1f710 flushing  nmethod 0x00000243a0083410
Event: 96.387 Thread 0x00000243b5b1f710 flushing  nmethod 0x00000243a0085210
Event: 96.387 Thread 0x00000243b5b1f710 flushing  nmethod 0x00000243a0085790
Event: 96.387 Thread 0x00000243b5b1f710 flushing  nmethod 0x00000243a00a4210
Event: 96.387 Thread 0x00000243b5b1f710 flushing  nmethod 0x00000243a00a4a90
Event: 96.387 Thread 0x00000243b5b1f710 flushing  nmethod 0x00000243a00a5810
Event: 96.387 Thread 0x00000243b5b1f710 flushing  nmethod 0x00000243a00a5c90
Event: 96.387 Thread 0x00000243b5b1f710 flushing  nmethod 0x00000243a00a8390
Event: 96.387 Thread 0x00000243b5b1f710 flushing  nmethod 0x00000243a00a8e90
Event: 96.387 Thread 0x00000243b5b1f710 flushing  nmethod 0x00000243a00a9610
Event: 96.387 Thread 0x00000243b5b1f710 flushing  nmethod 0x00000243a00aa710
Event: 96.387 Thread 0x00000243b5b1f710 flushing  nmethod 0x00000243a00abc90
Event: 96.387 Thread 0x00000243b5b1f710 flushing  nmethod 0x00000243a00ac710
Event: 96.387 Thread 0x00000243b5b1f710 flushing  nmethod 0x00000243a00ad410
Event: 96.387 Thread 0x00000243b5b1f710 flushing  nmethod 0x00000243a00ae090
Event: 96.387 Thread 0x00000243b5b1f710 flushing  nmethod 0x00000243a00ae910
Event: 96.387 Thread 0x00000243b5b1f710 flushing  nmethod 0x00000243a00e4210
Event: 96.387 Thread 0x00000243b5b1f710 flushing  nmethod 0x00000243a00e4b10

Events (20 events):
Event: 83.769 Thread 0x00000243fbd88ba0 Thread added: 0x00000243fcaacde0
Event: 83.800 Thread 0x00000243fbd88ba0 Thread added: 0x00000243fcaae730
Event: 83.805 Thread 0x00000243fbd88ba0 Thread added: 0x00000243fcaad2f0
Event: 83.815 Thread 0x00000243fbd88ba0 Thread added: 0x00000243fcaaf150
Event: 83.822 Thread 0x00000243fbd88ba0 Thread added: 0x00000243fcaab9a0
Event: 83.829 Thread 0x00000243fbd88ba0 Thread added: 0x00000243fcab0590
Event: 83.833 Thread 0x00000243fbd88ba0 Thread added: 0x00000243fcaaf660
Event: 83.836 Thread 0x00000243fbd88ba0 Thread added: 0x00000243fcaafb70
Event: 83.843 Thread 0x00000243fbd88ba0 Thread added: 0x00000243fcab0aa0
Event: 92.639 Thread 0x00000243fbd88ba0 Thread added: 0x00000243fcaad800
Event: 92.643 Thread 0x00000243fbd88ba0 Thread added: 0x00000243fcab14c0
Event: 92.644 Thread 0x00000243fbd88ba0 Thread added: 0x00000243fcab1ee0
Event: 92.645 Thread 0x00000243fbd88ba0 Thread added: 0x00000243fcab19d0
Event: 92.654 Thread 0x00000243fbd88ba0 Thread added: 0x00000243fe1ad8d0
Event: 92.664 Thread 0x00000243fbd88ba0 Thread added: 0x00000243fe81a620
Event: 92.665 Thread 0x00000243fbd88ba0 Thread added: 0x00000243fe818cd0
Event: 92.666 Thread 0x00000243fbd88ba0 Thread added: 0x00000243fe81bf70
Event: 92.666 Thread 0x00000243fbd88ba0 Thread added: 0x00000243fe8187c0
Event: 92.667 Thread 0x00000243fbd88ba0 Thread added: 0x00000243fe81ba60
Event: 92.670 Thread 0x00000243fbd88ba0 Thread added: 0x00000243fe81c480


Dynamic libraries:
0x00007ff6ead30000 - 0x00007ff6ead3e000 	C:\Program Files\Microsoft\jdk-17.0.18.8-hotspot\bin\java.exe
0x00007fffe40a0000 - 0x00007fffe4306000 	C:\WINDOWS\SYSTEM32\ntdll.dll
0x00007fffe1de0000 - 0x00007fffe1ea9000 	C:\WINDOWS\System32\KERNEL32.DLL
0x00007fffe1370000 - 0x00007fffe176e000 	C:\WINDOWS\System32\KERNELBASE.dll
0x00007fffe1a00000 - 0x00007fffe1b4c000 	C:\WINDOWS\System32\ucrtbase.dll
0x00007fffcbf90000 - 0x00007fffcbfae000 	C:\Program Files\Microsoft\jdk-17.0.18.8-hotspot\bin\VCRUNTIME140.dll
0x00007fffcb820000 - 0x00007fffcb838000 	C:\Program Files\Microsoft\jdk-17.0.18.8-hotspot\bin\jli.dll
0x00007fffe2200000 - 0x00007fffe23c7000 	C:\WINDOWS\System32\USER32.dll
0x00007fffe1b60000 - 0x00007fffe1b87000 	C:\WINDOWS\System32\win32u.dll
0x00007fffcaf50000 - 0x00007fffcb1e2000 	C:\WINDOWS\WinSxS\amd64_microsoft.windows.common-controls_6595b64144ccf1df_6.0.26100.8894_none_3e0f749ee32e02ea\COMCTL32.dll
0x00007fffe2600000 - 0x00007fffe262b000 	C:\WINDOWS\System32\GDI32.dll
0x00007fffe2490000 - 0x00007fffe2539000 	C:\WINDOWS\System32\msvcrt.dll
0x00007fffe18d0000 - 0x00007fffe19fa000 	C:\WINDOWS\System32\gdi32full.dll
0x00007fffe12c0000 - 0x00007fffe1363000 	C:\WINDOWS\System32\msvcp_win.dll
0x00007fffe3610000 - 0x00007fffe3642000 	C:\WINDOWS\System32\IMM32.DLL
0x00007fffcc770000 - 0x00007fffcc77c000 	C:\Program Files\Microsoft\jdk-17.0.18.8-hotspot\bin\vcruntime140_1.dll
0x00007fff67620000 - 0x00007fff676a9000 	C:\Program Files\Microsoft\jdk-17.0.18.8-hotspot\bin\msvcp140.dll
0x00007fff02190000 - 0x00007fff02e0a000 	C:\Program Files\Microsoft\jdk-17.0.18.8-hotspot\bin\server\jvm.dll
0x00007fffe23d0000 - 0x00007fffe2487000 	C:\WINDOWS\System32\ADVAPI32.dll
0x00007fffe2d90000 - 0x00007fffe2e3a000 	C:\WINDOWS\System32\sechost.dll
0x00007fffe1fc0000 - 0x00007fffe20d8000 	C:\WINDOWS\System32\RPCRT4.dll
0x00007fffe2d00000 - 0x00007fffe2d80000 	C:\WINDOWS\System32\WS2_32.dll
0x00007fffe1120000 - 0x00007fffe117e000 	C:\WINDOWS\SYSTEM32\POWRPROF.dll
0x00007fffcb290000 - 0x00007fffcb29b000 	C:\WINDOWS\SYSTEM32\VERSION.dll
0x00007fffd8730000 - 0x00007fffd8766000 	C:\WINDOWS\SYSTEM32\WINMM.dll
0x00007fffe1100000 - 0x00007fffe1114000 	C:\WINDOWS\SYSTEM32\UMPDC.dll
0x00007fffdffa0000 - 0x00007fffdffbb000 	C:\WINDOWS\SYSTEM32\kernel.appcore.dll
0x00007fffcc010000 - 0x00007fffcc01a000 	C:\Program Files\Microsoft\jdk-17.0.18.8-hotspot\bin\jimage.dll
0x00007fffde7b0000 - 0x00007fffde9f2000 	C:\WINDOWS\SYSTEM32\DBGHELP.DLL
0x00007fffe2970000 - 0x00007fffe2cf3000 	C:\WINDOWS\System32\combase.dll
0x00007fffe26b0000 - 0x00007fffe2789000 	C:\WINDOWS\System32\OLEAUT32.dll
0x00007fffc5670000 - 0x00007fffc56ab000 	C:\WINDOWS\SYSTEM32\dbgcore.DLL
0x00007fffe1810000 - 0x00007fffe18bc000 	C:\WINDOWS\System32\bcryptPrimitives.dll
0x00007fffb93d0000 - 0x00007fffb93df000 	C:\Program Files\Microsoft\jdk-17.0.18.8-hotspot\bin\instrument.dll
0x00007fffb9b40000 - 0x00007fffb9b66000 	C:\Program Files\Microsoft\jdk-17.0.18.8-hotspot\bin\java.dll
0x00007fff57e20000 - 0x00007fff57ef6000 	C:\Program Files\Microsoft\jdk-17.0.18.8-hotspot\bin\jsvml.dll
0x00007fffe2e70000 - 0x00007fffe3602000 	C:\WINDOWS\System32\SHELL32.dll
0x00007fffded30000 - 0x00007fffdf5c2000 	C:\WINDOWS\SYSTEM32\windows.storage.dll
0x00007fffe1eb0000 - 0x00007fffe1fa7000 	C:\WINDOWS\System32\SHCORE.dll
0x00007fffe2790000 - 0x00007fffe27f7000 	C:\WINDOWS\System32\shlwapi.dll
0x00007fffe11e0000 - 0x00007fffe1209000 	C:\WINDOWS\SYSTEM32\profapi.dll
0x00007fffb96f0000 - 0x00007fffb9708000 	C:\Program Files\Microsoft\jdk-17.0.18.8-hotspot\bin\zip.dll
0x00007fffcb500000 - 0x00007fffcb51b000 	C:\Program Files\Microsoft\jdk-17.0.18.8-hotspot\bin\net.dll
0x00007fffd83e0000 - 0x00007fffd8507000 	C:\WINDOWS\SYSTEM32\WINHTTP.dll
0x00007fffe0550000 - 0x00007fffe05bc000 	C:\WINDOWS\system32\mswsock.dll
0x00007fffb9a00000 - 0x00007fffb9a16000 	C:\Program Files\Microsoft\jdk-17.0.18.8-hotspot\bin\nio.dll
0x00007fffcbca0000 - 0x00007fffcbcb0000 	C:\Program Files\Microsoft\jdk-17.0.18.8-hotspot\bin\verify.dll
0x00007fffb96c0000 - 0x00007fffb96e7000 	C:\Users\rafel\.gradle\native\c067742578af261105cb4f569cf0c3c89f3d7b1fecec35dd04571415982c5e48\windows-amd64\native-platform.dll
0x00007fff75bf0000 - 0x00007fff75d34000 	C:\Users\rafel\.gradle\native\100fb08df4bc3b14c8652ba06237920a3bd2aa13389f12d3474272988ae205f9\windows-amd64\native-platform-file-events.dll
0x00007fffb93c0000 - 0x00007fffb93ca000 	C:\Program Files\Microsoft\jdk-17.0.18.8-hotspot\bin\management.dll
0x00007fffb51b0000 - 0x00007fffb51bc000 	C:\Program Files\Microsoft\jdk-17.0.18.8-hotspot\bin\management_ext.dll
0x00007fffe2140000 - 0x00007fffe2148000 	C:\WINDOWS\System32\PSAPI.DLL
0x00007fffe0850000 - 0x00007fffe086b000 	C:\WINDOWS\SYSTEM32\CRYPTSP.dll
0x00007fffdff00000 - 0x00007fffdff39000 	C:\WINDOWS\system32\rsaenh.dll
0x00007fffe0610000 - 0x00007fffe0642000 	C:\WINDOWS\SYSTEM32\USERENV.dll
0x00007fffe11b0000 - 0x00007fffe11da000 	C:\WINDOWS\SYSTEM32\bcrypt.dll
0x00007fffe0870000 - 0x00007fffe087c000 	C:\WINDOWS\SYSTEM32\CRYPTBASE.dll
0x00007fffdf9e0000 - 0x00007fffdfa13000 	C:\WINDOWS\SYSTEM32\IPHLPAPI.DLL
0x00007fffe1fb0000 - 0x00007fffe1fba000 	C:\WINDOWS\System32\NSI.dll
0x00007fffdb3c0000 - 0x00007fffdb3dd000 	C:\WINDOWS\SYSTEM32\dhcpcsvc6.DLL
0x00007fffdb340000 - 0x00007fffdb365000 	C:\WINDOWS\SYSTEM32\dhcpcsvc.DLL
0x00007fffdfa20000 - 0x00007fffdfb76000 	C:\WINDOWS\SYSTEM32\DNSAPI.dll
0x00007fffe0330000 - 0x00007fffe033d000 	C:\WINDOWS\SYSTEM32\DSPARSE.dll
0x00007fffb4ec0000 - 0x00007fffb4ec9000 	C:\Program Files\Microsoft\jdk-17.0.18.8-hotspot\bin\extnet.dll
0x00007fffb4eb0000 - 0x00007fffb4ebe000 	C:\Program Files\Microsoft\jdk-17.0.18.8-hotspot\bin\sunmscapi.dll
0x00007fffe1c50000 - 0x00007fffe1dc8000 	C:\WINDOWS\System32\CRYPT32.dll
0x00007fffe0a90000 - 0x00007fffe0ac0000 	C:\WINDOWS\SYSTEM32\ncrypt.dll
0x00007fffe0a40000 - 0x00007fffe0a7f000 	C:\WINDOWS\SYSTEM32\NTASN1.dll
0x00007fffce140000 - 0x00007fffce148000 	C:\WINDOWS\system32\wshunix.dll
0x00007fffe00d0000 - 0x00007fffe0106000 	C:\WINDOWS\SYSTEM32\ntmarta.dll
0x00007fffd7080000 - 0x00007fffd708b000 	C:\Windows\System32\rasadhlp.dll
0x00007fffdb6d0000 - 0x00007fffdb756000 	C:\WINDOWS\System32\fwpuclnt.dll

dbghelp: loaded successfully - version: 4.0.5 - missing functions: none
symbol engine: initialized successfully - sym options: 0x614 - pdb path: .;C:\Program Files\Microsoft\jdk-17.0.18.8-hotspot\bin;C:\WINDOWS\SYSTEM32;C:\WINDOWS\WinSxS\amd64_microsoft.windows.common-controls_6595b64144ccf1df_6.0.26100.8894_none_3e0f749ee32e02ea;C:\Program Files\Microsoft\jdk-17.0.18.8-hotspot\bin\server;C:\Users\rafel\.gradle\native\c067742578af261105cb4f569cf0c3c89f3d7b1fecec35dd04571415982c5e48\windows-amd64;C:\Users\rafel\.gradle\native\100fb08df4bc3b14c8652ba06237920a3bd2aa13389f12d3474272988ae205f9\windows-amd64

VM Arguments:
jvm_args: --add-opens=java.base/java.util=ALL-UNNAMED --add-opens=java.base/java.lang=ALL-UNNAMED --add-opens=java.base/java.lang.invoke=ALL-UNNAMED --add-opens=java.prefs/java.util.prefs=ALL-UNNAMED --add-exports=jdk.compiler/com.sun.tools.javac.api=ALL-UNNAMED --add-exports=jdk.compiler/com.sun.tools.javac.util=ALL-UNNAMED --add-opens=java.base/java.nio.charset=ALL-UNNAMED --add-opens=java.base/java.net=ALL-UNNAMED --add-opens=java.base/java.util.concurrent.atomic=ALL-UNNAMED -Xmx2048m -Dfile.encoding=UTF-8 -Duser.country=BR -Duser.language=pt -Duser.variant -javaagent:C:\Users\rafel\.gradle\wrapper\dists\gradle-8.9-bin\90cnw93cvbtalezasaz0blq0a\gradle-8.9\lib\agents\gradle-instrumentation-agent-8.9.jar 
java_command: org.gradle.launcher.daemon.bootstrap.GradleDaemon 8.9
java_class_path (initial): C:\Users\rafel\.gradle\wrapper\dists\gradle-8.9-bin\90cnw93cvbtalezasaz0blq0a\gradle-8.9\lib\gradle-daemon-main-8.9.jar
Launcher Type: SUN_STANDARD

[Global flags]
     intx CICompilerCount                          = 4                                         {product} {ergonomic}
     uint ConcGCThreads                            = 3                                         {product} {ergonomic}
     uint G1ConcRefinementThreads                  = 10                                        {product} {ergonomic}
   size_t G1HeapRegionSize                         = 1048576                                   {product} {ergonomic}
    uintx GCDrainStackTargetSize                   = 64                                        {product} {ergonomic}
   size_t InitialHeapSize                          = 130023424                                 {product} {ergonomic}
   size_t MarkStackSize                            = 4194304                                   {product} {ergonomic}
   size_t MaxHeapSize                              = 2147483648                                {product} {command line}
   size_t MaxNewSize                               = 1287651328                                {product} {ergonomic}
   size_t MinHeapDeltaBytes                        = 1048576                                   {product} {ergonomic}
   size_t MinHeapSize                              = 8388608                                   {product} {ergonomic}
    uintx NonNMethodCodeHeapSize                   = 5839372                                {pd product} {ergonomic}
    uintx NonProfiledCodeHeapSize                  = 122909434                              {pd product} {ergonomic}
    uintx ProfiledCodeHeapSize                     = 122909434                              {pd product} {ergonomic}
    uintx ReservedCodeCacheSize                    = 251658240                              {pd product} {ergonomic}
     bool SegmentedCodeCache                       = true                                      {product} {ergonomic}
   size_t SoftMaxHeapSize                          = 2147483648                             {manageable} {ergonomic}
     bool UseCompressedClassPointers               = true                           {product lp64_product} {ergonomic}
     bool UseCompressedOops                        = true                           {product lp64_product} {ergonomic}
     bool UseG1GC                                  = true                                      {product} {ergonomic}
     bool UseLargePagesIndividualAllocation        = false                                  {pd product} {ergonomic}

Logging:
Log output configuration:
 #0: stdout all=warning uptime,level,tags
 #1: stderr all=off uptime,level,tags

Environment Variables:
JAVA_HOME=C:\Program Files\Microsoft\jdk-17.0.18.8-hotspot\
PATH=C:\Program Files\Microsoft\jdk-17.0.18.8-hotspot\bin;C:\Program Files\Microsoft\jdk-25.0.2.10-hotspot\bin;C:\WINDOWS\system32;C:\WINDOWS;C:\WINDOWS\System32\Wbem;C:\WINDOWS\System32\WindowsPowerShell\v1.0\;C:\WINDOWS\System32\OpenSSH\;C:\Program Files\dotnet\;C:\Program Files\Git\cmd;C:\Users\rafel\fvm\versions\stable\bin;C:\Users\rafel\AppData\Local\Android\SdK\platform-tools;C:\Users\rafel\AppData\Local\Pub\Cache\bin;C:\Program Files\nodejs\;C:\Users\rafel\AppData\Local\Microsoft\WindowsApps;C:\User\rafel\flutter\3.38.7\bin;C:\Users\rafel\AppData\Local\Programs\Microsoft VS Code\bin;C:\Users\rafel\AppData\Roaming\npm;C:\flutter\bin;C:\Users\rafel\AppData\Local\Microsoft\WinGet\Links;
USERNAME=rafel
OS=Windows_NT
PROCESSOR_IDENTIFIER=Intel64 Family 6 Model 186 Stepping 3, GenuineIntel
TMP=C:\Users\rafel\AppData\Local\Temp
TEMP=C:\Users\rafel\AppData\Local\Temp



Periodic native trim disabled


---------------  S Y S T E M  ---------------

OS:
 Windows 11 , 64 bit Build 26100 (10.0.26100.8875)
OS uptime: 22 days 3:22 hours
Hyper-V role detected

CPU: total 12 (initial active 12) (6 cores per cpu, 2 threads per core) family 6 model 186 stepping 3 microcode 0x410e, cx8, cmov, fxsr, ht, mmx, 3dnowpref, sse, sse2, sse3, ssse3, sse4.1, sse4.2, popcnt, lzcnt, tsc, tscinvbit, avx, avx2, aes, erms, clmul, bmi1, bmi2, adx, sha, fma, vzeroupper, clflush, clflushopt, clwb, hv
Processor Information for the first 12 processors :
  Max Mhz: 1300, Current Mhz: 1300, Mhz Limit: 1300

Memory: 4k page, system-wide physical 7882M (190M free)
TotalPageFile size 21810M (AvailPageFile size 397M)
current process WorkingSet (physical memory assigned to process): 470M, peak: 491M
current process commit charge ("private bytes"): 685M, peak: 1341M

vm_info: OpenJDK 64-Bit Server VM (17.0.18+8-LTS) for windows-amd64 JRE (17.0.18+8-LTS), built on Jan 15 2026 18:50:45 by "MicrosoftCorporation" with MS VC++ 17.14 (VS2022)

END.
